Дата,Суммарная капитализация,WTI,Brent,Природный газ,Usd_Rub,"Количество заболевших COVID-19, чел.",Euro_Rub
2023-05-12,16396.946767078,70.04,74.19,2.276,77.92,20718996.0,82.8877
2023-05-11,16294.065261337,70.87,74.98,2.19,76.9,20725841.0,84.1498
2023-05-10,16284.351223592,72.56,76.41,2.191,76.0575,20729841.0,84.9073
2023-05-08,15763.969290649,73.16,77.01,2.238,78.1875,20712436.0,84.9073
2023-05-05,15753.358790858,71.34,75.3,2.137,77.38,20690046.0,86.9986
2023-05-04,15863.769062695,68.56,72.5,2.101,78.05,20679946.0,87.575
2023-05-03,15777.555857977,68.6,72.33,2.17,79.205,20663617.0,87.6556
2023-05-02,16253.829685722,71.66,75.32,2.214,79.62,20651384.0,88.3712
2023-04-28,16667.039404469,76.78,79.54,2.41,80.25,20609336.0,90.2023
2023-04-27,16750.6611914,74.76,78.37,2.355,81.3325,20633209.0,90.1436
2023-04-26,16530.322615158,74.3,77.69,2.117,81.6211,20609925.0,90.0332
2023-04-25,16588.837728018,77.07,80.77,2.307,81.6175,20584850.0,89.4589
2023-04-24,16722.754741901,78.76,82.73,2.273,81.33,20586703.0,89.3495
2023-04-21,16756.976031379,77.87,81.66,2.233,81.7,20601362.0,89.4638
2023-04-20,16695.808546452,77.29,81.1,2.249,81.555,20594420.0,89.3736
2023-04-19,16471.873666599,79.16,83.12,2.222,81.8975,20520161.0,89.5713
2023-04-18,16638.332692319,80.86,84.77,2.366,81.45,20469833.0,89.659
2023-04-17,16616.39268568,80.83,84.76,2.275,81.4025,20412331.0,90.1637
2023-04-14,16422.378798916,82.52,86.31,2.114,81.79,20444992.0,90.0035
2023-04-13,16270.062397225,82.16,86.09,2.007,81.4,20422279.0,89.7599
2023-04-12,16262.45645854,83.26,87.33,2.093,81.95,20396031.0,89.7271
2023-04-11,16093.75694044,81.53,85.61,2.186,81.965,20366582.0,89.1737
2023-04-10,16215.486756181,79.74,84.18,2.172,81.6125,20343341.0,90.2892
2023-04-07,16082.329498394,80.7,85.12,2.011,81.1275,20452772.0,88.1294
2023-04-06,15914.67025877,80.7,85.12,2.011,81.375,20285965.0,87.0954
2023-04-05,15940.68346948,80.61,84.99,2.155,79.835,20298409.0,86.7207
2023-04-04,15868.336209501,80.71,84.94,2.106,79.52,20236874.0,84.6185
2023-04-03,15679.314256307,80.42,84.93,2.097,78.74,20184379.0,84.1116
2023-03-31,15420.324739105,75.67,79.77,2.216,77.5975,20239894.0,83.7639
2023-03-30,15549.259211965,74.37,79.27,2.104,77.08,20284775.0,83.4859
2023-03-29,15501.144838604,72.97,78.28,1.991,77.155,20235865.0,82.775
2023-03-28,15452.55847184,73.2,78.65,2.03,76.9,20239580.0,82.2913
2023-03-27,15542.859173364,72.81,78.12,2.088,76.68,20205965.0,82.3923
2023-03-24,15204.428877853,69.26,74.99,2.361,77.075,20281671.0,83.1452
2023-03-23,15140.555620755,69.96,75.91,2.283,76.0,20277781.0,82.967
2023-03-22,15125.981657185,70.9,76.38,2.307,77.0575,20282745.0,82.5428
2023-03-21,15140.254865473,69.33,75.03,2.485,76.66,20295502.0,82.3736
2023-03-20,15327.336024617,67.64,73.54,2.331,77.17,20257599.0,81.4635
2023-03-17,14650.991950463,66.74,72.77,2.446,77.06,20266595.0,81.1418
2023-03-16,14441.237292008,68.35,74.29,2.626,76.4,20292029.0,80.8763
2023-03-15,14331.958684764,67.61,73.28,2.546,75.985,20257314.0,80.5192
2023-03-14,14501.673971006,71.33,77.45,2.573,75.32,20116117.0,80.6102
2023-03-13,14451.738898292,74.8,80.77,2.606,75.0,20221563.0,80.4009
2023-03-10,14523.78555777,76.68,82.78,2.43,76.1,20307290.0,80.1372
2023-03-09,14580.88768301,75.72,81.59,2.543,75.845,20316911.0,80.5496
2023-03-07,14637.44279825,77.58,83.29,2.687,76.0225,20249866.0,80.2353
2023-03-06,14669.505410463,80.46,86.18,2.572,75.445,20299222.0,80.0469
2023-03-03,14496.502913741,79.68,85.83,3.009,75.6325,20391346.0,80.1897
2023-03-02,14351.639291048,78.16,84.75,2.765,75.3175,20428260.0,80.1008
2023-03-01,14611.557030672,77.69,84.31,2.811,75.15,20410369.0,79.5134
2023-02-28,14340.53475038,77.05,83.89,2.747,74.97,20364958.0,79.623
2023-02-27,14238.044469086,75.68,82.45,2.731,74.6025,20384095.0,79.5716
2023-02-24,14043.684067562,76.32,82.82,2.451,76.13,20419600.0,79.5716
2023-02-22,14102.692846539,73.95,80.45,2.174,75.0,20429814.0,79.7588
2023-02-21,14090.380415349,76.16,83.05,2.177,75.0475,20474031.0,79.133
2023-02-20,13941.41226061,77.3,84.07,2.324,74.5,20499917.0,79.6104
2023-02-17,13857.63258608,76.34,83.0,2.352,74.29,20684934.0,79.9764
2023-02-16,13818.65074846,78.49,85.14,2.485,74.855,20674222.0,79.5654
2023-02-15,13765.710362698,78.59,85.38,2.555,74.5725,20692390.0,79.3355
2023-02-14,14087.491625349,79.06,85.58,2.652,73.8,20656588.0,78.671
2023-02-13,14249.584086017,80.14,86.61,2.499,73.825,20681143.0,78.0542
2023-02-10,14308.661555683,79.72,86.39,2.607,73.39,20686859.0,78.3223
2023-02-09,14271.485032468,78.06,84.5,2.492,73.0,20718169.0,76.8344
2023-02-08,14262.084807541,78.47,85.09,2.477,72.3025,20688100.0,75.9087
2023-02-07,14448.706843616,77.14,83.69,2.664,71.15,20689141.0,76.0347
2023-02-06,14370.017648042,74.11,80.99,2.535,70.95,20746819.0,76.7344
2023-02-03,14092.425725015,73.39,79.94,2.48,70.6,20945741.0,76.9564
2023-02-02,14031.801068397,75.88,82.17,2.522,70.455,20933151.0,76.2245
2023-02-01,14054.159541591,76.41,82.84,2.536,70.1975,20924052.0,76.3004
2023-01-31,14048.49810871,78.87,84.49,2.741,69.82,20878891.0,75.7799
2023-01-30,13994.962785495,77.9,84.9,2.731,70.405,20908311.0,75.4062
2023-01-27,13987.345639754,79.68,86.66,2.849,69.46,21162989.0,75.3348
2023-01-26,13855.564395182,81.01,87.47,2.848,69.265,21239715.0,74.9564
2023-01-25,13932.446197207,80.15,86.12,2.915,69.305,21295818.0,74.6948
2023-01-24,13910.395776685,80.13,86.13,3.057,69.0,21264476.0,74.7307
2023-01-23,14040.052189545,81.62,88.19,3.222,68.925,21347829.0,74.3434
2023-01-20,13955.995095328,81.64,87.63,3.174,68.83,21702657.0,74.4058
2023-01-19,14018.592138522,80.61,86.16,3.275,68.8,21791802.0,74.5882
2023-01-18,14193.441059002,79.8,84.98,3.311,68.7475,21816711.0,74.2646
2023-01-17,14200.16312205,80.45,85.92,3.586,69.15,21852732.0,73.8298
2023-01-16,14385.540197624,79.04,84.46,3.675,68.43,21889520.0,73.1131
2023-01-13,14325.639874388,80.11,85.28,3.419,68.7875,22164120.0,72.7908
2023-01-12,14319.966770317,78.65,84.03,3.695,67.7575,22113359.0,74.1361
2023-01-11,14390.272919461,77.68,82.67,3.671,68.7325,22053283.0,74.5438
2023-01-10,14473.672063198,75.37,80.1,3.639,69.8,21845080.0,75.0785
2023-01-09,14564.70713182,74.92,79.65,3.91,69.99,22019971.0,75.6553
2023-01-06,14533.578710818,74.04,78.57,3.71,72.1225,21809604.0,75.6553
2023-01-05,14515.650319294,73.92,78.69,3.72,72.18,21643362.0,75.6553
2023-01-04,14575.098706392,73.1,77.84,4.172,72.0,21398522.0,75.6553
2023-01-03,14667.626459607,77.12,82.1,3.988,71.1375,21277104.0,75.6553
2022-12-30,14587.720968459,80.47,85.91,4.475,69.9,21309902.0,76.0765
2022-12-29,14463.517434764,78.61,82.26,4.559,72.175,21205268.0,75.66
2022-12-28,14337.655627311,78.6,83.26,4.709,72.19,21078936.0,74.1829
2022-12-27,14423.928232217,79.77,84.68,5.282,70.4,20803716.0,72.6226
2022-12-26,14334.73151562,80.97,84.5,5.144,69.29,20702521.0,73.0407
2022-12-23,14193.123248501,79.34,84.5,4.98,70.2,20589924.0,76.6446
2022-12-22,14168.181466455,78.45,81.67,4.928,68.95,20326734.0,75.0914
2022-12-21,14216.113601361,78.24,82.58,5.238,70.995,20282363.0,73.3389
2022-12-20,14231.679445912,76.23,80.53,5.216,68.875,19839790.0,70.6196
2022-12-19,14302.45931925,75.89,80.14,5.71,67.72,19612865.0,68.7798
2022-12-16,14338.39674996,74.45,79.49,6.303,64.65,19346504.0,68.447
2022-12-15,14242.831570002,76.25,81.32,6.589,64.3525,19129664.0,67.4478
2022-12-14,14443.287290461,77.27,82.75,6.22,63.995,18708094.0,66.7017
2022-12-13,14540.270615555,75.19,80.86,6.733,62.85,18289134.0,66.27
2022-12-12,14546.748180127,73.44,78.34,6.416,62.8,17959920.0,65.8407
2022-12-09,14560.228097246,71.5,76.6,6.082,62.43,17682032.0,65.6762
2022-12-08,14564.079058436,72.06,76.59,5.82,62.7725,17360756.0,65.8966
2022-12-07,14560.277731985,72.58,77.59,5.617,62.75,17090973.0,66.1087
2022-12-06,14590.034295367,74.47,79.67,5.378,63.085,16693831.0,65.5205
2022-12-05,14705.579384678,77.4,82.66,5.484,62.35,16387720.0,64.9868
2022-12-02,14648.538885555,80.3,85.55,6.169,62.0,16035731.0,63.8279
2022-12-01,14682.107122319,81.33,86.88,6.738,61.49,15707034.0,63.0504
2022-11-30,14665.070528749,80.56,85.43,6.93,60.99,15422155.0,63.3882
2022-11-29,14664.599116724,78.2,83.03,7.235,61.0225,15093941.0,63.3008
2022-11-28,14640.511183488,77.24,83.19,6.712,61.2275,14868538.0,62.8762
2022-11-25,14806.471492778,76.28,83.63,7.024,60.5025,14729641.0,62.7814
2022-11-24,14839.920053968,77.95,85.34,7.177,60.6725,14574323.0,62.285
2022-11-23,14903.221030398,77.94,85.41,7.308,60.7,14540732.0,62.1774
2022-11-22,14751.183628916,80.95,88.36,6.779,60.6825,14396284.0,62.1245
2022-11-21,14715.924186891,79.73,87.45,6.776,60.85,14187039.0,62.4484
2022-11-18,14863.739027726,80.08,87.62,6.303,60.4025,14150752.0,62.5712
2022-11-17,14883.546196202,81.64,89.78,6.369,60.53,14007236.0,62.6675
2022-11-16,14996.842429563,85.59,92.86,6.2,60.35,13909197.0,62.6297
2022-11-15,14737.84790353,86.92,93.86,6.034,60.4,13748055.0,62.1554
2022-11-14,15143.863702277,85.87,93.14,5.933,60.55,13706573.0,61.5416
2022-11-11,15200.66649854,88.96,95.99,5.879,60.5375,13911667.0,61.0037
2022-11-10,15227.019181922,86.47,93.67,6.239,60.53,13875818.0,61.2445
2022-11-09,14975.319109584,85.83,92.65,5.865,61.31,13726454.0,60.8231
2022-11-08,15240.520776995,88.91,95.36,6.138,60.9925,13654993.0,60.9013
2022-11-07,15333.718416807,91.79,97.92,6.944,61.0,13670545.0,60.6071
2022-11-03,14936.340866494,88.17,94.67,5.975,62.1,14111349.0,60.9216
2022-11-02,14862.48967854,90.0,96.16,6.268,61.8,14085735.0,60.9668
2022-11-01,14964.5583914,88.37,94.65,5.714,61.2375,14012744.0,61.1196
2022-10-31,14950.180555471,86.53,94.83,6.355,61.4775,14128819.0,61.1328
2022-10-28,15048.685814281,87.9,95.77,5.684,61.52,14467430.0,61.5718
2022-10-27,15024.228249688,89.08,96.96,5.186,61.725,14460712.0,61.5682
2022-10-26,14790.820972987,87.91,95.69,5.606,61.75,14474198.0,60.4648
2022-10-25,14659.330859459,85.32,91.74,5.613,61.4875,14449375.0,60.1575
2022-10-24,14075.163730399,84.58,91.21,5.199,61.185,14443731.0,59.8378
2022-10-21,14083.267422946,85.05,91.34,4.959,61.29,14704050.0,60.4371
2022-10-20,13865.504140441,85.98,90.45,5.358,61.4,14719079.0,60.1086
2022-10-19,13693.925846329,85.55,90.56,5.462,61.735,14622937.0,60.53
2022-10-18,13647.43682088,82.82,88.6,5.745,61.575,14405134.0,60.5608
2022-10-17,13864.966342425,85.46,90.18,5.999,61.65,14363820.0,62.4695
2022-10-14,13446.825068918,85.61,90.15,6.453,62.1075,14489649.0,62.5903
2022-10-13,13523.844906851,89.11,94.57,6.741,63.63,14399617.0,62.5867
2022-10-12,13415.924176538,87.27,92.45,6.435,64.42,14207234.0,62.3481
2022-10-11,13388.07340754,89.35,94.29,6.596,63.66,13936722.0,60.8019
2022-10-10,13192.41127967,91.13,96.19,6.435,62.69,13825564.0,59.9756
2022-10-07,13536.11077775,92.64,97.92,6.748,61.0025,14004575.0,58.2392
2022-10-06,14466.118744242,88.45,94.42,6.972,60.9025,13876478.0,58.0613
2022-10-05,14500.348798605,87.76,93.37,6.93,60.1725,13671806.0,56.1725
2022-10-04,14563.193849628,86.52,91.8,6.837,58.95,13456751.0,54.3947
2022-10-03,14742.762831674,83.63,88.86,6.47,58.86,13372317.0,52.7379
2022-09-30,14284.35737633,79.49,87.96,6.766,58.45,13740443.0,55.4064
2022-09-29,14334.892670965,81.23,88.49,6.874,57.21,13681320.0,55.7232
2022-09-28,14230.924005015,82.15,89.32,6.868,57.54,13516115.0,55.9953
2022-09-27,14289.30624013,78.5,84.87,6.76,58.4575,13321011.0,55.9278
2022-09-26,13523.968145496,76.71,82.86,7.014,58.395,13262388.0,56.4751
2022-09-23,14832.573981257,78.74,85.03,6.992,57.92,13710516.0,58.9388
2022-09-22,15474.239021382,83.49,89.53,7.193,58.84,13622333.0,60.211
2022-09-21,14959.55349871,82.94,88.8,7.827,60.69,13694522.0,60.0507
2022-09-20,15552.48220491,84.45,89.4,7.772,60.6,13659540.0,60.0426
2022-09-19,17173.071415952,85.73,92.0,7.752,60.16,13748089.0,59.874
2022-09-16,17220.356088478,85.11,91.35,7.764,60.275,14295284.0,59.6196
2022-09-15,17357.82795186,85.1,90.84,8.324,59.8,14370496.0,59.8368
2022-09-14,17338.734837664,88.48,94.1,9.114,59.885,14457461.0,60.9364
2022-09-13,17357.151273885,87.31,93.17,8.284,59.9,14487777.0,61.3127
2022-09-12,17490.46097472,87.78,94.0,8.249,60.24,14686292.0,60.8571
2022-09-09,17376.01417614,86.79,92.84,7.996,60.6,15475723.0,60.6952
2022-09-08,17229.62502042,83.54,88.62,7.954,60.73,15706108.0,60.5458
2022-09-07,17252.41891804,81.94,88.0,7.842,60.79,15872783.0,60.4929
2022-09-06,17424.86989829,86.88,92.83,8.145,61.235,15979278.0,60.1408
2022-09-05,17837.927989396,88.96,95.74,8.714,60.87,16174073.0,60.2187
2022-09-02,17715.11979639,86.87,93.02,8.786,60.58,17273771.0,60.2842
2022-09-01,17519.048678164,86.61,92.36,9.262,60.31,17255996.0,60.2141
2022-08-31,17243.64950374,89.55,96.49,9.127,60.23,17399617.0,60.5752
2022-08-30,15905.11373468,91.64,97.84,9.042,59.94,17557897.0,59.9608
2022-08-29,15702.190299732,97.01,102.93,9.353,60.3975,17910937.0,59.8784
2022-08-26,15431.10003063,93.06,99.01,9.296,60.5,18699069.0,59.5983
2022-08-25,15228.45286491,92.52,98.46,9.375,60.145,18675813.0,59.5082
2022-08-24,15357.132252154,94.89,100.34,9.3,59.8875,18789291.0,59.3304
2022-08-23,15348.850012676,93.74,99.17,9.155,59.89,18797476.0,59.5344
2022-08-22,15212.356165954,90.23,95.81,9.647,59.87,19011514.0,59.3934
2022-08-19,14824.403876664,90.77,96.72,9.336,59.1,19564182.0,60.8957
2022-08-18,14859.68649704,90.5,96.59,9.188,59.5325,19483957.0,61.8322
2022-08-17,14785.378832134,88.11,93.65,9.244,60.75,19586183.0,62.3551
2022-08-16,15049.256051716,86.53,92.34,9.329,60.9,19523630.0,62.5056
2022-08-15,14620.685891758,89.41,95.1,8.728,61.225,19738941.0,62.5355
2022-08-12,14514.373455161,92.09,98.15,8.768,60.605,21439520.0,62.5156
2022-08-11,14422.49191585,94.34,99.6,8.874,60.67,21439267.0,61.704
2022-08-10,14641.59932418,91.93,97.4,8.202,60.665,21789206.0,61.5542
2022-08-09,14621.82489299,90.5,96.31,7.833,60.1475,21720838.0,61.1615
2022-08-08,14238.96315464,90.76,96.65,7.589,60.755,21955894.0,61.361
2022-08-05,14016.735651279,89.01,94.92,8.064,60.58,22556491.0,61.0872
2022-08-04,14382.84020464,88.54,94.12,8.122,60.35,23480799.0,61.1243
2022-08-03,14488.607079838,90.66,96.78,8.266,60.58,23037443.0,61.2656
2022-08-02,14646.728218126,94.42,100.54,7.706,60.295,22961517.0,63.2468
2022-08-01,15079.020860422,93.89,100.03,8.283,60.17,23173602.0,62.5695
2022-07-29,15249.819329274,98.62,110.01,8.229,61.62,23656715.0,61.2171
2022-07-28,14986.182464222,96.42,107.14,8.134,60.82,23594676.0,61.0032
2022-07-27,15096.826619295,97.26,106.62,8.554,59.88,23517947.0,59.4068
2022-07-26,14936.30479965,94.98,104.4,8.825,60.55,23756003.0,58.6741
2022-07-25,14538.004380778,96.7,105.15,8.571,58.11,23799742.0,57.7608
2022-07-22,14517.643170256,94.7,103.2,8.195,57.29,23801599.0,57.1133
2022-07-21,14120.461054599,96.35,103.86,7.815,56.6475,23480530.0,55.826
2022-07-20,14254.09652796,102.26,106.92,7.899,55.02,23287888.0,56.4463
2022-07-19,14058.9425732,104.22,107.35,7.15,55.4525,22452168.0,57.1526
2022-07-18,14147.57110249,102.6,106.27,7.382,56.34,22441196.0,57.8851
2022-07-15,14284.150941258,97.59,101.16,6.926,57.165,22331129.0,58.3432
2022-07-14,13880.646219296,95.78,99.1,6.511,58.3,22102823.0,58.9002
2022-07-13,13981.774915371,96.3,99.57,6.589,58.27,21446388.0,58.7643
2022-07-12,14410.279819024,95.84,99.49,6.021,58.94,21032645.0,61.8056
2022-07-11,14622.344895057,104.09,107.1,6.319,58.9,20794813.0,62.0499
2022-07-08,15062.514965182,104.79,107.02,6.034,60.92,20614774.0,64.1349
2022-07-07,15257.704224472,102.73,104.65,6.297,61.95,20107948.0,64.326
2022-07-06,15296.102729044,98.53,100.69,5.51,63.35,19770469.0,60.1618
2022-07-05,15298.75335443,99.5,102.77,5.523,61.15,19223751.0,57.1836
2022-07-04,15106.163487019,110.4,113.5,5.853,55.24,18931319.0,56.3584
2022-07-01,15381.401825328,108.43,111.63,5.73,54.5,18922041.0,54.6405
2022-06-30,15412.43708061,105.76,114.81,5.424,51.45,18439118.0,53.858
2022-06-29,17883.13748443,109.78,116.26,6.498,53.2375,18158917.0,55.8886
2022-06-28,17859.501757499,111.76,117.98,6.551,51.8,18031357.0,56.0535
2022-06-27,17722.1278042,109.57,115.09,6.501,53.385,17905697.0,55.964
2022-06-24,17692.1679942,107.62,113.12,6.22,53.4,18647745.0,55.9886
2022-06-23,17941.3411323,104.27,110.05,6.239,53.465,18349227.0,55.8307
2022-06-22,17791.177848918,106.19,111.74,6.858,53.15,18071699.0,57.4566
2022-06-21,17820.65560729,110.65,114.65,6.808,53.775,17763974.0,58.8003
2022-06-20,18225.735035139,108.84,114.13,6.713,55.63,18386206.0,59.3299
2022-06-17,17910.527586684,109.56,113.12,6.944,56.41,18558997.0,58.9568
2022-06-16,18031.916064763,117.59,119.81,7.464,56.5,18534823.0,59.1204
2022-06-15,17668.53860063,115.31,118.51,7.42,56.96,18387698.0,59.2481
2022-06-14,17360.805852823,118.93,121.17,7.189,56.6,18467254.0,60.9656
2022-06-10,17148.715940276,120.67,122.01,8.85,56.8,21055736.0,62.0934
2022-06-09,17157.265673512,121.51,123.07,8.963,59.35,20976743.0,63.938
2022-06-08,17231.833963971,122.11,123.58,8.699,59.4,20409001.0,64.5699
2022-06-07,16932.046364639,119.41,120.57,9.293,61.0425,22594320.0,64.8669
2022-06-06,16827.99145228,118.5,119.51,9.322,61.0175,22707328.0,65.9191
2022-06-03,16914.144495641,118.87,119.72,8.523,60.95,22885609.0,64.9053
2022-06-02,17115.15224967,116.87,117.61,8.485,61.65,22823464.0,63.6629
2022-06-01,17385.857784388,115.26,116.29,8.696,61.28,22803973.0,62.7397
2022-05-31,17321.663432363,114.67,122.84,8.145,61.5,22666308.0,64.717
2022-05-30,17815.70394564,117.61,121.67,8.686,62.25,22716569.0,69.4353
2022-05-27,17936.76933898,115.07,119.43,8.727,66.7,23113432.0,64.4392
2022-05-26,17906.471433406,114.09,117.4,8.908,65.26,23195238.0,57.921
2022-05-25,16968.293120776,110.33,114.03,8.971,59.33,23247515.0,58.8705
2022-05-24,16489.999633804,109.77,113.56,8.796,56.8,23286784.0,60.3851
2022-05-23,16634.5280061,110.29,113.42,8.744,57.8675,23441686.0,60.8953
2022-05-20,17092.819895598,113.23,112.55,8.083,60.2325,23925487.0,64.9358
2022-05-19,17522.741582111,112.21,112.04,8.308,61.905,23918233.0,66.6135
2022-05-18,17535.673363927,109.59,109.11,8.368,63.445,23931537.0,66.3644
2022-05-17,17312.520929,112.4,111.93,8.304,63.6,23766145.0,65.8166
2022-05-16,16759.159874407,114.2,114.24,7.956,63.4,23694217.0,65.7939
2022-05-13,16322.50947756,110.49,111.55,7.663,64.545,39038538.0,68.7835
2022-05-12,16162.961066725,106.13,107.45,7.739,63.3,38911363.0,72.6314
2022-05-11,16911.5888352,105.71,107.51,7.64,67.2,38874591.0,71.0963
2022-05-06,16910.431859751,109.77,112.39,8.043,69.4025,39058687.0,70.0662
2022-05-05,16991.27823735,108.26,110.9,8.783,67.0,39009519.0,72.7815
2022-05-04,16777.037158624,107.81,110.14,8.415,66.3,39097881.0,74.5589
2022-04-29,17394.778788519,104.69,109.34,7.244,70.96,39891603.0,75.3117
2022-04-28,16965.413323322,105.36,107.59,6.888,72.08,39963015.0,75.9224
2022-04-27,17149.1201771,102.02,105.32,7.339,72.78,40191660.0,76.667
2022-04-26,16478.645250504,101.7,104.99,6.85,73.525,40395919.0,77.4651
2022-04-25,15444.363200422,98.54,102.32,6.669,73.125,40644049.0,80.0249
2022-04-22,15543.539576936,102.07,106.65,6.534,75.45,41378607.0,81.2239
2022-04-21,15697.722508188,103.79,108.33,6.957,74.785,41493409.0,83.2705
2022-04-20,16181.04899422,102.75,106.8,6.937,76.4125,41616877.0,85.9674
2022-04-19,16303.57424257,102.56,107.25,7.176,78.515,41715850.0,86.4289
2022-04-18,16402.620381338,108.21,113.16,7.82,79.75,42338700.0,87.0715
2022-04-15,16917.053293466,106.95,111.7,7.3,79.995,43377277.0,88.0024
2022-04-14,16745.032465679,106.95,111.7,7.3,80.8975,43460788.0,86.7219
2022-04-13,17680.682330772,104.25,108.78,6.997,79.8675,43608425.0,86.7939
2022-04-12,17828.09980549,100.6,104.64,6.68,79.68,43647102.0,85.9752
2022-04-11,17918.67421478,94.29,98.48,6.643,79.065,44050303.0,81.7064
2022-04-08,18164.960275093,98.26,102.78,6.278,76.08,58163683.0,83.293
2022-04-07,18554.41582336,96.03,100.58,6.359,75.75,58129635.0,90.5998
2022-04-06,18385.191802692,96.23,101.07,6.029,79.7,58137732.0,91.7289
2022-04-05,18763.218099268,101.96,106.64,6.032,83.3125,58147251.0,92.3872
2022-04-04,19759.548139434,103.28,107.53,5.712,84.0,58520818.0,92.1468
2022-04-01,19768.012332962,99.27,104.39,5.72,83.95,58968493.0,92.493
2022-03-31,19596.96376816,100.28,107.91,5.642,83.2,58667637.0,93.696
2022-03-30,17961.79945668,107.82,113.45,5.605,84.55,58539479.0,96.0085
2022-03-29,17482.985680564,104.24,110.23,5.336,85.25,58212450.0,102.6714
2022-03-28,17494.320069916,105.96,112.48,5.508,89.75,59496031.0,105.2662
2022-03-25,17932.975756972,113.9,120.65,5.571,96.0,59240475.0,105.4679
2022-03-24,18694.63856505,112.34,119.03,5.401,97.0,58824254.0,113.2613
2022-02-25,16310.33424023,91.59,97.93,4.47,105.271,64410676.0,97.7688
2022-02-24,14902.0679933,92.81,99.08,4.568,84.0475,64958330.0,90.882
2022-02-22,20630.66661724,92.35,96.84,4.498,78.5987,66126949.0,87.3379
2022-02-21,19682.83657722,92.65,95.39,4.705,80.017,67152718.0,86.1489
2022-02-18,23046.398842353,91.07,93.54,4.431,77.332,69561332.0,86.1308
2022-02-17,24081.469205546,91.76,92.97,4.486,76.3088,70249024.0,85.306
2022-02-16,25050.33573114,93.66,94.81,4.717,75.2537,70739288.0,86.2656
2022-02-15,24938.432392998,92.07,93.28,4.306,75.3519,71343762.0,86.8451
2022-02-14,24381.872968552,95.46,96.48,4.195,76.7799,72259498.0,85.3574
2022-02-11,23947.332848615,93.1,94.44,3.941,77.1905,74164945.0,85.3798
2022-02-10,24916.474924689,89.88,91.41,3.959,75.0216,74395883.0,85.3784
2022-02-09,25242.442271307,89.66,91.55,4.009,74.7189,74540246.0,85.892
2022-02-08,24967.982419115,89.36,90.78,4.248,75.0091,74480095.0,86.5181
2022-02-07,24635.781484856,91.32,92.69,4.232,75.4971,74814781.0,87.1163
2022-02-04,24836.83179162,92.31,93.27,4.572,75.8385,75365583.0,86.561
2022-02-03,24627.430339011,90.27,91.11,4.888,76.5108,74806981.0,86.2826
2022-02-02,25004.75772448,88.26,89.47,5.501,76.0472,74165802.0,86.7869
2022-02-01,24980.846075712,88.2,89.16,4.751,76.8603,73466172.0,86.5032
2022-01-31,25081.377191036,88.15,91.21,4.874,77.3792,74339057.0,86.6419
2022-01-28,24608.23888755,86.82,90.03,4.639,77.8279,72215117.0,88.468
2022-01-27,24545.124037863,86.61,89.34,4.283,78.0065,70989142.0,89.1511
2022-01-26,23108.111469931,87.35,89.96,4.277,79.496,69929570.0,88.9286
2022-01-25,23594.985960766,85.6,88.2,4.053,78.6456,68905266.0,87.5925
2022-01-24,23035.388480266,83.31,86.27,4.027,78.786,67886664.0,86.9054
2022-01-21,23917.86316204,85.14,87.89,3.999,77.4485,64610104.0,86.8215
2022-01-20,23872.25970966,86.9,88.38,3.802,76.6814,62534951.0,87.1318
2022-01-19,24182.251478428,86.96,88.44,4.031,76.2065,60657989.0,87.0216
2022-01-18,23334.9011225,85.43,87.51,4.283,76.935,58662692.0,86.8609
2022-01-17,24897.254395192,83.69,86.48,4.276,76.1055,56911154.0,86.8894
2022-01-14,25590.985729158,83.82,86.06,4.262,76.2202,53321159.0,85.4556
2022-01-13,25672.24851373,82.12,84.47,4.27,76.2755,51171271.0,84.6709
2022-01-12,26645.37967352,82.64,84.67,4.857,74.7154,49064600.0,84.8784
2022-01-11,26206.629343792,81.22,83.72,4.249,74.4665,46787964.0,85.1315
2022-01-10,25960.45767755,78.23,80.87,4.079,75.0159,44915442.0,84.0695
2022-01-06,25918.943779638,79.46,81.99,3.812,76.313,37745910.0,84.0695
2022-01-05,25274.588199764,77.85,80.8,3.882,76.7857,35892983.0,84.0695
2022-01-04,26374.871646736,76.99,80.0,3.717,75.37,33955099.0,84.0695
2022-01-03,26280.948277446,76.08,78.98,3.815,74.5508,32186413.0,84.0695
2021-12-30,25653.730183626,76.99,79.32,3.561,74.6539,28223657.0,83.204
2021-12-29,25468.743195192,76.56,79.23,4.024,74.0,26889853.0,83.2194
2021-12-28,25496.177186236,75.98,78.94,4.055,73.7359,25957469.0,82.9363
2021-12-27,25274.418792395,75.57,78.6,4.06,73.4634,25384131.0,82.93
2021-12-24,24846.698818387,73.79,76.14,3.731,73.6673,24265702.0,83.1223
2021-12-23,24961.187426529,73.79,76.85,3.731,73.3072,23922324.0,83.1541
2021-12-22,25306.554545819,72.76,75.29,3.976,73.771,23517617.0,83.3213
2021-12-21,25040.389060057,71.12,73.98,3.869,74.0007,23164398.0,83.6187
2021-12-20,24607.303334817,68.23,71.52,3.834,74.1728,23019192.0,83.1571
2021-12-17,24906.08298254,70.86,73.52,3.69,74.1326,22715349.0,83.1571
2021-12-16,24945.754382498,72.38,75.02,3.766,73.7575,22573749.0,83.2375
2021-12-15,24611.00647039,70.87,73.88,3.802,73.6998,22323862.0,82.8299
2021-12-14,24165.642573104,70.73,73.7,3.747,73.7913,22151652.0,82.866
2021-12-13,23542.022978512,71.29,74.39,3.794,73.5138,22081005.0,83.3444
2021-12-10,24968.869151559,71.67,75.15,3.925,73.3758,21835358.0,83.3444
2021-12-09,25203.809798678,70.94,74.42,3.814,73.7411,21680138.0,83.364
2021-12-08,25202.370502269,72.36,75.82,3.815,73.5993,21505127.0,83.7114
2021-12-07,25696.039353521,72.05,75.44,3.708,74.0426,21325384.0,83.1138
2021-12-06,25163.9280973,69.49,73.08,3.657,74.3613,21185157.0,83.8105
2021-12-03,25477.297976799,66.26,69.88,4.132,73.9072,20966104.0,83.8105
2021-12-02,25749.688869784,66.5,69.67,4.056,73.6581,20724076.0,83.8354
2021-12-01,25188.531433793,65.57,68.87,4.258,74.2515,20469530.0,84.8234
2021-11-30,24667.160547906,66.18,70.57,4.567,74.0838,20276122.0,84.482
2021-11-29,25027.639551392,69.95,73.44,4.854,74.6111,20259736.0,83.6793
2021-11-26,24274.790876988,68.15,72.72,5.447,75.61,19982102.0,83.6793
2021-11-25,25265.715243563,77.41,82.22,5.087,74.6918,19841687.0,83.6394
2021-11-24,25591.431225149,78.39,82.25,5.068,74.9821,19681833.0,84.1718
2021-11-23,25679.198771579,78.5,82.31,4.967,74.2883,19499894.0,82.7715
2021-11-22,24473.857088031,76.75,79.7,4.789,74.8046,19386102.0,82.5244
2021-11-19,25303.195157258,76.1,78.89,5.065,73.4834,19801701.0,82.5244
2021-11-18,26109.67072208,79.01,81.24,4.902,73.0995,19642910.0,82.5244
2021-11-17,26541.877988489,78.36,80.28,4.816,72.5452,19459379.0,82.5244
2021-11-16,26365.603505733,80.76,82.43,5.177,73.1238,19355817.0,82.7736
2021-11-15,26411.827874397,80.88,82.05,5.017,72.5446,19308586.0,81.6552
2021-11-12,26304.289931036,80.79,82.17,4.791,72.8919,19116051.0,81.6552
2021-11-11,26737.504398509,81.59,82.87,5.149,71.6154,18988761.0,81.787
2021-11-10,26344.720656275,81.34,82.64,4.88,71.2839,18847988.0,82.6497
2021-11-09,26604.343477256,84.15,84.78,4.979,70.7175,18713507.0,82.5355
2021-11-08,26668.685435377,81.93,83.43,5.427,71.2167,18686173.0,82.9577
2021-11-05,26532.129500638,81.27,82.74,5.516,71.2568,18590243.0,82.9577
2021-11-03,26552.05052235,80.86,81.99,5.67,71.7541,18339804.0,82.9577
2021-11-02,26713.793347068,83.91,84.72,5.542,71.5309,18277221.0,82.1687
2021-11-01,27181.043562266,84.05,84.71,5.186,71.569,18284574.0,81.8393
2021-10-29,26764.657884145,83.57,84.38,5.426,70.9464,18206136.0,81.8393
2021-10-28,26915.881286337,82.81,84.32,5.782,70.2206,18108503.0,81.0289
2021-10-27,27193.235168007,82.66,84.58,6.202,70.6361,18015026.0,80.7019
2021-10-26,27535.526352161,84.65,86.4,5.882,69.5439,17933828.0,81.7418
2021-10-25,27673.459517923,83.76,85.99,5.898,69.7474,17903967.0,82.6399
2021-10-22,27059.3235264,83.76,85.53,5.28,70.3281,17919430.0,82.6399
2021-10-21,27270.358170784,82.5,84.61,5.115,71.1022,17856597.0,82.6162
2021-10-20,27822.440893518,83.87,85.82,5.17,70.8265,17775953.0,82.6841
2021-10-19,27738.234163226,82.96,85.08,5.088,70.8617,17722657.0,82.4592
2021-10-18,27529.108802078,82.44,84.33,4.989,71.3035,17756872.0,83.3347
2021-10-15,27729.010230053,82.28,84.86,5.41,71.0283,17838116.0,83.3347
2021-10-14,27560.73281283,81.31,84.0,5.687,71.3604,17799878.0,83.0028
2021-10-13,27425.616116024,80.44,83.18,5.59,72.0023,17761206.0,83.0934
2021-10-12,27522.801577172,80.64,83.42,5.505,71.8655,17755926.0,82.9273
2021-10-11,27682.789165168,80.52,83.65,5.345,71.87,17889520.0,83.6053
2021-10-08,27447.49979164,79.35,82.39,5.565,71.8892,18002126.0,83.6053
2021-10-07,27727.30618473,78.3,81.95,5.677,71.6867,18059197.0,83.9251
2021-10-06,27966.238587152,77.43,81.08,5.675,72.4043,17996309.0,84.1723
2021-10-05,28638.906000533,78.93,82.56,6.312,72.3589,18039286.0,84.6355
2021-10-04,27769.317008989,77.62,81.26,5.766,72.4976,18121864.0,84.305
2021-10-01,27158.713391975,75.88,79.28,5.619,72.7254,18446661.0,84.305
2021-09-30,26980.027727967,75.03,78.52,5.867,72.7514,18420179.0,84.8755
2021-09-29,26863.750437904,74.83,78.64,5.477,72.8545,18392503.0,84.6752
2021-09-28,26610.728739616,75.29,79.09,5.841,72.775,18405671.0,85.0355
2021-09-27,26769.010793332,75.45,79.53,5.706,72.5378,18518206.0,85.204
2021-09-24,26286.78296565,73.98,78.09,5.14,72.7358,18658374.0,85.204
2021-09-23,26032.889627362,73.3,77.25,4.976,72.8258,18584715.0,85.4889
2021-09-22,25899.554216924,72.23,76.19,4.805,73.0185,18570219.0,85.8568
2021-09-21,25234.37599801,70.56,74.36,4.805,73.0868,18579721.0,85.8785
2021-09-20,24846.630806862,70.29,73.92,4.985,73.4628,18633374.0,85.3622
2021-09-17,25293.275642081,71.97,75.34,5.105,72.8628,18726664.0,85.3622
2021-09-16,25697.002987968,72.61,75.67,5.335,72.5456,18650037.0,86.0674
2021-09-15,25841.156036569,72.61,75.46,5.46,72.2914,18640108.0,85.988
2021-09-14,25604.62607634,70.46,73.6,5.26,72.9103,18637712.0,86.115
2021-09-13,25499.146124921,70.45,73.51,5.231,72.6412,18730060.0,86.4677
2021-09-10,24840.0305406,69.72,72.92,4.938,73.1879,18832589.0,86.4677
2021-09-09,24691.629484859,68.14,71.45,5.031,72.9789,18787578.0,86.9114
2021-09-08,25082.883349723,69.3,72.6,4.914,73.1484,18884034.0,86.8922
2021-09-07,25035.60712536,68.35,71.69,4.568,73.2829,18889104.0,86.5743
2021-09-06,24835.23524465,68.8,72.22,4.693,72.9965,18832138.0,86.297
2021-09-03,24591.59136346,69.29,72.61,4.712,72.731,18939478.0,86.297
2021-09-02,24425.148951581,69.99,73.03,4.641,72.8758,18805645.0,86.3949
2021-09-01,24228.381186508,68.59,71.59,4.615,72.964,18686113.0,86.666
2021-08-31,23685.326145527,68.5,72.99,4.377,73.2274,18652434.0,86.8104
2021-08-30,23899.223721518,69.21,73.41,4.305,73.5048,18633478.0,87.0576
2021-08-27,23676.012976779,68.74,72.7,4.37,73.5503,18515951.0,87.0576
2021-08-26,23298.324231247,67.42,71.07,4.184,74.2299,18337245.0,86.5814
2021-08-25,23582.504565422,68.36,72.25,3.897,73.9352,18203707.0,86.8058
2021-08-24,23813.631743856,67.54,71.05,3.896,73.736,18058798.0,86.7838
2021-08-23,23842.335051831,65.64,68.75,3.945,74.1489,18020748.0,86.615
2021-08-20,23427.220238199,62.32,65.18,3.851,74.2646,17825725.0,86.615
2021-08-19,23597.372844984,63.69,66.45,3.83,74.1661,17643819.0,86.121
2021-08-18,23864.75603609,65.46,68.23,3.852,73.8237,17470208.0,86.4804
2021-08-17,24165.755001935,66.59,69.03,3.837,73.572,17323670.0,86.5072
2021-08-16,24050.036867071,67.29,69.51,3.946,73.2434,17249385.0,86.3457
2021-08-13,23754.017776779,68.44,70.59,3.861,73.2193,17017184.0,86.3457
2021-08-12,23918.751318929,69.09,71.31,3.933,73.611,16794308.0,86.6257
2021-08-11,23681.9218749,69.25,71.44,4.059,73.3795,16651841.0,86.3578
2021-08-10,23640.245412207,68.29,70.63,4.089,73.9234,16545580.0,86.4378
2021-08-09,23191.30351298,66.48,69.04,4.06,73.6921,16509727.0,86.6529
2021-08-06,23033.820801832,68.28,70.7,4.14,73.4602,16201440.0,86.6529
2021-08-05,23264.954879744,69.09,71.29,4.14,73.0848,15957749.0,86.4112
2021-08-04,23103.87146607,68.15,70.38,4.158,73.144,15715314.0,86.5578
2021-08-03,23203.182873314,70.56,72.41,4.027,72.9504,15468618.0,86.7717
2021-08-02,23076.495936696,71.26,72.89,3.935,73.0467,15287376.0,86.8624
2021-07-30,23057.470374838,73.95,76.33,3.914,73.1409,14859560.0,86.8624
2021-07-29,23286.980668992,73.62,76.05,4.059,73.1489,14613408.0,86.9173
2021-07-28,23046.50422323,72.39,74.74,4.044,73.4968,14366289.0,86.9919
2021-07-27,22693.860317865,71.65,74.48,3.971,73.7395,14114784.0,87.3171
2021-07-26,22864.08745561,71.91,74.5,4.102,73.6405,13988043.0,86.9227
2021-07-23,22722.032699827,72.07,74.1,4.06,73.7426,13736722.0,86.9227
2021-07-22,22923.922999472,71.91,73.79,4.003,73.6974,13511355.0,87.5983
2021-07-21,22821.156526466,70.3,72.23,3.959,74.0119,13328856.0,87.7727
2021-07-20,22527.745833815,67.42,69.35,3.876,74.3593,13170930.0,87.6097
2021-07-19,22374.135595736,66.42,68.62,3.779,74.6509,13036968.0,87.8316
2021-07-16,22873.658957844,71.81,73.59,3.674,74.084,12698767.0,87.8316
2021-07-15,22991.977412541,71.65,73.47,3.614,74.3597,12491735.0,87.3917
2021-07-14,23390.319403292,73.13,74.76,3.66,74.083,12288196.0,87.782
2021-07-13,23797.030572394,75.25,76.49,3.696,74.3195,12108676.0,88.605
2021-07-12,23927.518192582,74.1,75.16,3.749,74.4354,12011579.0,88.7755
2021-07-09,23889.48196611,74.56,75.55,3.674,74.3555,11907093.0,88.7755
2021-07-08,23975.017323208,72.94,74.12,3.688,74.7731,11780529.0,87.5588
2021-07-07,24175.230167884,72.2,73.43,3.596,74.7066,11733329.0,87.0034
2021-07-06,24056.675678698,73.37,74.53,3.637,74.4429,11644973.0,87.0272
2021-07-05,24070.11815089,76.25,77.16,3.79,73.4725,11631140.0,86.4113
2021-07-02,23852.418833938,75.16,76.17,3.7,73.257,11590190.0,86.4113
2021-07-01,24128.28000162,75.23,75.84,3.661,73.4087,11520055.0,86.5118
2021-06-30,23600.843725525,73.47,75.13,3.65,73.1522,11453103.0,86.2026
2021-06-29,22980.22198897,72.98,74.76,3.63,72.7672,11435898.0,86.1657
2021-06-28,23143.102875358,72.91,74.68,3.617,72.1155,11501486.0,86.3283
2021-06-25,23319.12312922,74.05,76.18,3.496,72.2047,11491189.0,86.3283
2021-06-24,23151.34732945,73.3,75.56,3.418,72.3227,11434678.0,86.7137
2021-06-23,23219.744549346,73.08,75.19,3.333,72.6076,11367645.0,87.0677
2021-06-22,23142.008394711,73.06,74.81,3.258,72.8844,11347960.0,86.8942
2021-06-21,22948.277978114,73.66,74.9,3.191,73.1372,11419527.0,86.7012
2021-06-18,22806.777934586,71.64,73.51,3.215,72.8175,11616308.0,86.7012
2021-06-17,22854.691849659,71.04,73.08,3.253,72.3255,11643793.0,87.3536
2021-06-16,22879.980900223,72.15,74.39,3.251,72.6047,11659724.0,87.211
2021-06-15,22755.728028929,72.12,73.99,3.24,72.1801,11729942.0,87.8065
2021-06-14,22941.92395943,70.88,72.86,3.352,72.1015,11985334.0,87.8065
2021-06-11,22757.082699597,70.91,72.69,3.296,72.1126,12297213.0,87.8065
2021-06-10,22862.76090634,70.29,72.52,3.149,71.7738,12363650.0,87.8114
2021-06-09,23115.003844294,69.96,72.22,3.129,72.3117,12419801.0,88.6433
2021-06-08,22964.878188929,70.05,72.22,3.128,72.2935,12537866.0,88.653
2021-06-07,22979.94498991,69.23,71.49,3.07,72.8164,12723807.0,89.2644
2021-06-04,22991.208846382,69.62,71.89,3.097,72.7878,13300463.0,89.2644
2021-06-03,22869.983296069,68.81,71.31,3.041,73.2447,13388254.0,89.6895
2021-06-02,22738.927308136,68.83,71.35,3.075,73.1472,13457580.0,89.5958
2021-06-01,22141.46856202,67.72,70.25,3.104,73.511,13735639.0,89.3778
2021-05-31,21653.644631666,66.96,69.32,3.055,73.4341,13989348.0,89.6555
2021-05-28,21586.35855271,66.32,69.63,2.986,73.1646,14483195.0,89.6555
2021-05-27,21677.363135904,66.85,69.46,2.958,73.4885,14649404.0,89.9392
2021-05-26,21558.109827073,66.21,68.87,2.984,73.5012,14747752.0,89.9545
2021-05-25,21326.155960706,66.07,68.65,2.913,73.5014,14902754.0,89.6877
2021-05-24,21303.390463316,66.05,68.46,2.886,73.47,15101253.0,89.7708
2021-05-21,21232.235402481,63.58,66.44,2.906,73.6222,15743630.0,89.7708
2021-05-20,21034.847826782,62.05,65.11,2.925,73.5218,15872480.0,90.1006
2021-05-19,21394.252919725,63.36,66.66,2.964,73.7722,16326092.0,89.9057
2021-05-18,21738.850467428,65.49,68.71,3.012,73.7118,16434652.0,89.6584
2021-05-17,21511.944283712,66.27,69.46,3.109,73.8023,16688248.0,89.9343
2021-05-14,21325.6153301,65.37,68.71,2.961,74.0079,17704605.0,89.9343
2021-05-13,21366.49999248,63.82,67.05,2.973,74.0554,17814378.0,89.8475
2021-05-12,21199.661237678,66.08,69.32,2.969,74.6465,17882682.0,90.004
2021-05-11,21095.152633002,65.28,68.55,2.955,74.1117,17958813.0,89.475
2021-05-10,21255.042161916,64.92,68.32,2.932,74.3512,18079245.0,89.6788
2021-05-07,21199.863909056,64.9,68.28,2.958,73.7955,18443999.0,89.6788
2021-05-06,21223.025483294,64.71,68.09,2.928,74.24,18563051.0,89.7742
2021-05-05,21157.820274964,65.63,68.96,2.938,74.8614,18560768.0,90.451
2021-05-04,20879.298930142,65.69,68.88,2.967,74.8595,18564593.0,90.1513
2021-04-30,20407.11594841,63.58,67.25,2.931,75.2073,18934479.0,90.1513
2021-04-29,20649.245895612,65.01,68.56,2.911,74.63,18898518.0,90.4289
2021-04-28,20671.552291562,63.86,67.27,2.925,74.4065,18789874.0,90.4666
2021-04-27,20701.668765967,62.94,66.42,2.873,74.9065,18720206.0,90.4468
2021-04-26,20778.689365278,61.91,65.65,2.79,75.0048,18673176.0,92.0423
2021-04-23,20934.0671439,62.14,66.11,2.73,74.9806,18796753.0,92.0423
2021-04-22,21007.260426238,61.43,65.4,2.749,75.4239,18650956.0,92.2913
2021-04-21,20969.962260852,61.35,65.32,2.692,76.6218,18467545.0,91.7507
2021-04-20,20844.915308514,62.44,66.57,2.727,76.8116,18333196.0,91.476
2021-04-19,21037.513312334,63.38,67.05,2.749,76.3583,18237937.0,92.2307
2021-04-16,21339.875452292,63.13,66.77,2.68,75.8268,18090114.0,92.2307
2021-04-15,21307.110006029,63.46,66.94,2.658,76.3372,18090114.0,90.5391
2021-04-14,21349.645294108,63.15,66.58,2.618,75.8828,18090114.0,91.9162
2021-04-13,21076.941898409,60.18,63.67,2.619,75.9373,24008073.0,92.0669
2021-04-12,20787.41629724,59.7,63.28,2.561,77.3698,23873925.0,91.6192
2021-04-09,20636.870975946,59.32,62.95,2.526,77.3964,23494125.0,91.6192
2021-04-08,20917.201570977,59.6,63.2,2.522,76.8609,23290410.0,92.3321
2021-04-07,20990.401115236,59.77,63.16,2.52,76.9759,22980592.0,90.1821
2021-04-06,20732.603853942,59.33,62.74,2.456,77.2618,22868319.0,89.9958
2021-04-05,21127.764647261,58.65,62.15,2.511,76.3881,22822608.0,88.9523
2021-04-02,21475.534307177,61.45,64.86,2.639,76.516,22643448.0,88.9523
2021-04-01,21445.589177344,61.45,64.86,2.639,76.2673,22434346.0,88.7452
2021-03-31,21434.110404463,59.16,63.54,2.608,75.6987,22229922.0,88.8821
2021-03-30,21397.54686511,60.55,64.14,2.623,75.8495,22047226.0,89.349
2021-03-29,21640.614035715,61.56,64.98,2.586,75.6648,21991644.0,89.9768
2021-03-26,21774.115182646,60.97,64.57,2.557,75.6633,21755486.0,89.9768
2021-03-25,21450.401420684,58.56,61.95,2.57,76.187,21570780.0,90.0515
2021-03-24,21364.739848325,61.18,64.41,2.518,76.5795,21381015.0,89.767
2021-03-23,21032.010057282,57.76,60.79,2.508,76.3799,21216769.0,88.6573
2021-03-22,21034.794181916,61.55,64.62,2.582,74.9227,21292599.0,88.1173
2021-03-19,21044.143891436,61.42,64.53,2.535,74.1213,21112686.0,88.1173
2021-03-18,20888.642920246,60.0,63.28,2.481,74.3129,21008666.0,86.9693
2021-03-17,21522.539693606,64.6,68.0,2.528,73.6311,20920195.0,86.9852
2021-03-16,22018.55664609,64.8,68.39,2.562,72.8728,20792262.0,87.3508
2021-03-15,22243.903084545,65.39,68.88,2.484,72.817,20698777.0,87.7585
2021-03-12,21952.206633272,65.61,69.22,2.6,73.3335,20688090.0,87.7585
2021-03-11,21758.202865318,66.02,69.63,2.668,73.3037,21745194.0,87.9587
2021-03-10,21399.020446655,64.44,67.9,2.692,73.6031,21750045.0,88.1736
2021-03-09,21629.79457941,64.01,67.52,2.662,73.9083,21680579.0,88.9421
2021-03-05,21124.875371832,66.09,69.36,2.701,74.2287,21783724.0,88.9421
2021-03-04,20116.140004172,63.83,66.74,2.746,74.703,21743830.0,88.8768
2021-03-03,20069.931569162,61.28,64.07,2.816,73.9755,21717012.0,89.5652
2021-03-02,19956.177226657,59.75,62.7,2.839,73.8165,21618415.0,89.4461
2021-03-01,19807.736753108,60.64,63.69,2.777,74.1739,21738082.0,89.4995
2021-02-26,19594.865236031,61.5,66.13,2.771,74.6196,21906584.0,89.4995
2021-02-25,19962.550046761,63.53,66.88,2.777,74.7301,21889328.0,89.6691
2021-02-24,19995.838543337,63.22,67.04,2.854,73.5305,21871686.0,89.5427
2021-02-22,20091.428468932,61.49,65.24,2.953,74.313,21994765.0,89.5427
2021-02-20,20034.086807346,59.24,62.91,3.069,74.0545,22326674.0,89.5427
2021-02-19,20049.749829872,59.24,62.91,3.069,74.1116,22621025.0,88.87
2021-02-18,19811.65263363,60.52,63.93,3.082,73.9036,22601833.0,89.0809
2021-02-17,20267.829638097,61.14,64.34,3.219,73.7194,22661232.0,88.9441
2021-02-16,20599.142914297,60.05,63.35,3.129,73.6533,22750778.0,88.9754
2021-02-15,20543.765480539,60.09,63.3,3.067,73.3225,22895847.0,89.4388
2021-02-12,20117.133176072,59.47,62.43,2.912,73.7114,25438760.0,89.4388
2021-02-11,19646.966596323,58.24,61.14,2.868,73.6155,25436050.0,89.5684
2021-02-10,19666.237295509,58.68,61.47,2.911,73.9408,25450716.0,89.5286
2021-02-09,19983.21369459,58.36,61.09,2.835,73.8836,25585572.0,89.4019
2021-02-08,20186.851357596,57.97,60.56,2.882,74.3034,25679888.0,90.9206
2021-02-05,19844.50747983,56.85,59.34,2.863,74.6528,25918474.0,90.9206
2021-02-04,19614.327110519,56.23,58.84,2.935,75.5065,25877314.0,91.5624
2021-02-03,19484.08018791,55.69,58.46,2.789,75.9423,25847477.0,91.625
2021-02-02,19280.936693192,54.76,57.46,2.845,76.224,25878142.0,91.5426
2021-02-01,19066.459329372,53.55,56.35,2.85,76.1354,25957040.0,92.131
2021-01-29,18818.471812274,52.2,55.88,2.564,75.7404,26081618.0,92.131
2021-01-28,19386.44194315,52.34,55.53,2.664,75.9592,25956385.0,91.2186
2021-01-27,19352.211778119,52.85,55.81,2.76,75.8464,25916895.0,91.6701
2021-01-26,19710.052221271,52.61,55.91,2.656,75.0963,25816107.0,91.1458
2021-01-25,19814.561260164,52.77,55.88,2.602,75.346,25845705.0,88.9677
2021-01-22,19694.407896761,52.27,55.41,2.446,75.2899,25690794.0,88.9677
2021-01-21,19770.975262502,53.13,56.1,2.491,73.834,25503622.0,89.1483
2021-01-20,20283.933578368,53.24,56.08,2.539,73.5241,25357752.0,89.2064
2021-01-19,20246.316489704,52.98,55.9,2.546,73.6709,25274595.0,89.3304
2021-01-18,20428.712090226,52.36,54.75,2.637,74.0232,25324312.0,89.6475
2021-01-15,20350.919309537,52.36,55.1,2.737,73.6309,24938375.0,89.6475
2021-01-14,20589.544328994,53.57,56.42,2.666,73.2179,24706397.0,89.7831
2021-01-13,20166.74247031,52.91,56.06,2.727,73.7649,24475780.0,90.3227
2021-01-12,20003.338604402,53.21,56.58,2.753,73.5369,24202501.0,90.8123
2021-01-11,19893.104331438,52.25,55.66,2.747,74.6691,24080735.0,91.7925
2021-01-08,19790.197006553,52.24,55.99,2.7,74.1636,23421699.0,91.7925
2021-01-06,18871.718179393,50.63,54.3,2.716,73.9221,22608990.0,91.7925
2021-01-05,18793.679745677,49.93,53.6,2.702,74.0283,23410895.0,90.2074
2021-01-04,18354.054874425,47.62,51.09,2.581,74.3051,23209862.0,90.2074
2020-12-30,18350.045406659,48.4,51.34,2.422,74.4121,22383762.0,90.2074
2020-12-29,18138.595103966,48.0,51.09,2.467,74.0354,22197391.0,90.127
2020-12-28,18045.538974843,47.62,50.86,2.305,73.757,22118384.0,91.3487
2020-12-25,17986.478830772,48.23,51.29,2.518,74.1956,21972713.0,91.3487
2020-12-24,17951.365297891,48.23,51.29,2.518,73.8873,21852623.0,91.9822
2020-12-23,17961.427956534,48.12,51.2,2.608,75.0744,21663982.0,92.0699
2020-12-22,17959.712050626,47.02,50.08,2.78,75.8958,21512338.0,91.0029
2020-12-21,17738.026930271,47.74,50.91,2.705,74.8058,21436098.0,89.2887
2020-12-18,18274.89922668,49.1,52.26,2.7,73.3477,21042258.0,89.2887
2020-12-17,18253.805793256,48.36,51.5,2.636,72.862,20760681.0,89.3229
2020-12-16,18058.550452588,47.82,51.08,2.677,73.3497,20510040.0,89.1846
2020-12-15,18157.806704195,47.62,50.76,2.682,73.3824,20350243.0,88.5847
2020-12-14,18063.33257265,46.99,50.29,2.682,73.8683,20256382.0,89.133
2020-12-11,18222.62699956,46.57,49.97,2.591,72.9572,20190100.0,89.133
2020-12-10,18032.722633694,46.78,50.25,2.553,73.0484,19982313.0,88.9418
2020-12-09,17396.694002526,45.52,48.86,2.442,73.8723,19670400.0,89.2044
2020-12-08,17421.288935428,45.6,48.84,2.399,73.5166,19527524.0,89.9695
2020-12-07,17612.965677599,45.76,48.79,2.406,73.6484,19394673.0,91.1946
2020-12-04,17713.446102964,46.26,49.25,2.575,74.0634,18889880.0,91.1946
2020-12-03,17380.382865386,45.64,48.71,2.507,74.4431,18636573.0,91.3052
2020-12-02,17751.608152254,45.28,48.25,2.78,75.0718,18404559.0,91.3096
2020-12-01,17612.663687077,44.55,47.42,2.88,75.8453,18260426.0,91.2037
2020-11-30,17487.492353006,45.34,47.59,2.882,76.4033,18147676.0,90.0291
2020-11-27,18027.86965812,45.53,48.18,2.843,75.8605,17734215.0,90.0291
2020-11-26,18068.220980166,44.98,47.8,2.93,75.7072,17475918.0,89.888
2020-11-25,18390.811661585,45.71,48.61,2.896,75.5406,17265385.0,89.8934
2020-11-24,18193.111714279,44.91,47.86,2.775,75.4715,17137037.0,89.9347
2020-11-23,17957.257442693,43.06,46.06,2.711,76.1755,16993702.0,90.3484
2020-11-20,17831.086393257,42.15,44.96,2.65,76.1924,16422536.0,90.3484
2020-11-19,17652.133475992,41.74,44.2,2.592,76.0553,16140302.0,90.2314
2020-11-18,17716.42435618,41.82,44.34,2.712,76.0511,15857387.0,90.3903
2020-11-17,17462.756156368,41.43,43.75,2.692,76.2305,15641203.0,91.1729
2020-11-16,17525.327851065,41.34,43.82,2.697,76.1698,15539937.0,90.8104
2020-11-13,17138.528962798,40.13,42.78,2.995,77.4023,14909823.0,90.8104
2020-11-12,16743.236472986,41.12,43.53,2.976,77.3496,14580371.0,90.0468
2020-11-11,16836.07563309,41.45,43.8,3.031,77.1139,14469463.0,90.3557
2020-11-10,16790.472794489,41.36,43.61,2.949,76.57,14143417.0,91.4953
2020-11-09,16345.95418831,40.29,42.4,2.859,76.3064,13921477.0,92.1229
2020-11-06,15594.434789752,37.14,39.45,2.888,77.4158,13139606.0,92.1229
2020-11-05,15427.708970483,38.79,40.93,2.942,77.0264,12804828.0,93.757
2020-11-03,15078.290020024,37.66,39.71,3.059,79.3552,12276829.0,93.757
2020-11-02,14754.665181444,36.81,38.97,3.244,80.5386,12085695.0,92.6011
2020-10-30,14230.1074961,35.79,37.46,3.354,79.5257,11455616.0,92.6011
2020-10-29,14449.575939315,36.17,37.65,3.301,78.8685,11144773.0,91.2632
2020-10-28,14319.725970025,37.39,39.12,2.996,79.2242,10847699.0,90.3552
2020-10-27,14923.208969607,39.57,41.2,3.019,77.3059,10623042.0,90.4489
2020-10-26,15099.948222926,38.56,40.46,3.024,76.495,10438290.0,91.3563
2020-10-23,15355.98640065,39.85,41.77,2.971,76.1235,9895692.0,91.3563
2020-10-22,15288.462809815,40.64,42.46,3.007,76.6168,9649082.0,91.3448
2020-10-21,15244.226316663,40.03,41.73,3.023,76.7229,9424047.0,91.5603
2020-10-20,15420.42398374,41.46,43.16,2.913,77.3423,9276520.0,91.3115
2020-10-19,15276.294765828,40.83,42.62,2.795,77.65,9167926.0,91.4542
2020-10-16,15343.612795786,40.88,42.93,2.773,77.8938,8808089.0,91.4542
2020-10-15,15392.718749502,40.96,43.16,2.775,78.0885,8679721.0,90.7065
2020-10-14,15599.696028249,41.04,43.32,2.636,77.6328,8514378.0,91.0732
2020-10-13,15476.429045869,40.2,42.45,2.855,77.0491,8417340.0,91.0037
2020-10-12,15727.86443209,39.43,41.72,2.881,77.1449,8355841.0,91.699
2020-10-09,15680.882159543,40.6,42.85,2.741,76.7675,8135370.0,91.699
2020-10-08,15810.555947476,41.19,43.34,2.627,77.3714,8033127.0,91.8129
2020-10-07,15795.434869188,39.95,41.99,2.606,78.032,7919751.0,92.5184
2020-10-06,15965.172631359,40.67,42.65,2.52,78.449,7839444.0,91.6599
2020-10-05,15815.926157998,39.22,41.29,2.615,78.1055,7808388.0,90.7237
2020-10-02,15555.754331798,37.05,39.27,2.438,78.1851,7899811.0,90.7237
2020-10-01,15575.637321777,38.72,40.93,2.527,77.3346,7782526.0,92.4302
2020-09-30,15649.30407614,40.22,40.95,2.527,77.6319,7710070.0,93.0237
2020-09-29,15773.958857977,39.29,41.03,2.561,79.0732,7682381.0,91.479
2020-09-28,15953.154920774,40.6,42.43,2.101,79.0566,7666094.0,89.9818
2020-09-25,15840.34707472,40.25,41.92,2.139,78.2164,7591135.0,89.9818
2020-09-24,15754.966082006,40.31,41.94,2.248,77.1487,7496102.0,89.2508
2020-09-23,15652.091695472,39.93,41.77,2.125,77.0808,7434284.0,89.4813
2020-09-22,15919.777966098,39.6,41.72,1.834,76.0992,7406502.0,90.0063
2020-09-21,15802.204142382,39.31,41.44,1.835,76.1224,7403853.0,88.6313
2020-09-18,16229.977148874,41.11,43.15,2.048,75.744,7400040.0,88.6313
2020-09-17,16448.659260147,40.97,43.3,2.042,75.2033,7388411.0,88.8644
2020-09-16,16484.098403487,40.16,42.22,2.267,74.9778,7288309.0,89.3614
2020-09-15,16486.517955512,38.28,40.53,2.362,75.0223,7248467.0,88.5819
2020-09-14,16082.863823905,37.26,39.61,2.31,75.2574,7234649.0,89.3036
2020-09-11,15936.730848331,37.33,39.83,2.269,75.0956,7155949.0,89.3036
2020-09-10,15743.649336682,37.3,40.06,2.323,75.2048,7072045.0,89.5663
2020-09-09,15881.598423258,38.05,40.79,2.406,75.3163,7016147.0,89.7369
2020-09-08,15844.413203759,36.76,39.78,2.4,76.2826,7005535.0,89.4771
2020-09-07,16089.33028879,39.2,42.01,2.541,75.7585,7004064.0,89.1353
2020-09-04,16256.848961796,39.77,42.66,2.588,75.4087,7010758.0,89.1353
2020-09-03,16049.680868268,41.37,44.07,2.487,75.268,6933473.0,87.7369
2020-09-02,16219.835317224,41.51,44.43,2.486,75.4015,6868440.0,88.1547
2020-09-01,16426.944016138,42.76,45.58,2.527,73.5765,6845252.0,87.8266
2020-08-31,16358.347178142,42.61,45.28,2.63,74.0718,6841230.0,88.996
2020-08-28,16542.741802484,42.97,45.05,2.657,74.0056,6768472.0,88.996
2020-08-27,16804.505912588,43.04,45.09,2.579,74.9588,6694626.0,89.2254
2020-08-26,17138.783411836,43.39,45.64,2.461,75.3995,6627601.0,88.059
2020-08-25,16974.51142764,43.35,45.86,2.489,75.3312,6627687.0,87.903
2020-08-24,16949.742211732,42.62,45.13,2.513,74.6401,6635149.0,87.4261
2020-08-21,16678.492532985,42.34,44.35,2.448,74.7995,6605431.0,87.4261
2020-08-20,16786.042602275,42.58,44.9,2.352,73.7823,6545381.0,87.4037
2020-08-19,17075.961850333,42.93,45.37,2.426,73.292,6484363.0,87.3401
2020-08-18,17167.113897097,42.89,45.46,2.417,73.1634,6473596.0,86.4666
2020-08-17,17197.813842003,42.89,45.37,2.339,73.7015,6481778.0,87.0399
2020-08-14,17294.202449289,42.01,44.8,2.356,72.8558,6441818.0,87.0399
2020-08-13,17246.342267744,42.24,44.96,2.182,72.9555,6381921.0,85.956
2020-08-12,17123.264575886,42.67,45.43,2.152,73.7116,6353196.0,85.9246
2020-08-11,16694.33632954,41.61,44.5,2.171,73.1506,6332732.0,86.8258
2020-08-10,16586.998695344,41.94,44.99,2.153,73.4667,6330783.0,86.6178
2020-08-07,16531.117967056,41.22,44.4,2.238,73.717,6271494.0,86.6178
2020-08-06,16637.70651906,41.95,45.09,2.165,73.2782,6179824.0,86.625
2020-08-05,16562.957213632,42.19,45.17,2.191,72.8745,6099090.0,86.5011
2020-08-04,16195.790741837,41.7,44.43,2.193,73.5325,6080658.0,87.2253
2020-08-03,16173.759103194,41.01,44.15,2.101,73.1149,6072508.0,86.2532
2020-07-31,16268.045734175,40.27,43.3,1.799,74.4114,5915207.0,86.2532
2020-07-30,16247.31178263,39.92,42.94,1.829,73.1543,5856480.0,84.912
2020-07-29,16427.668853089,41.27,43.75,1.854,72.581,5818686.0,84.261
2020-07-28,16215.650092526,41.04,43.22,1.8,72.5804,5770019.0,83.7759
2020-07-27,16287.990917787,41.6,43.41,1.734,71.565,5752731.0,82.1893
2020-07-24,16341.191105094,41.29,43.34,1.808,71.729,5572588.0,82.1893
2020-07-23,16248.934270188,41.07,43.31,1.785,71.4585,5476480.0,81.5904
2020-07-22,16464.926433194,41.9,44.29,1.681,71.0675,5391605.0,81.2499
2020-07-21,16395.173869186,41.96,44.32,1.675,70.7443,5361549.0,82.3902
2020-07-20,16360.596196994,40.81,43.28,1.641,71.3428,5331609.0,81.2318
2020-07-17,16228.019511733,40.59,43.14,1.718,71.8825,5132341.0,81.2318
2020-07-16,16150.855520209,40.75,43.37,1.723,71.592,5074359.0,80.8392
2020-07-15,16122.253989019,41.2,43.79,1.778,70.9881,5066264.0,80.623
2020-07-14,16283.616281608,40.29,42.9,1.746,70.8703,5026611.0,80.0937
2020-07-13,16308.673806493,40.1,42.72,1.739,70.9912,4963172.0,80.4134
2020-07-10,16679.824614676,40.55,43.24,1.805,70.7118,4727179.0,80.4134
2020-07-09,16600.339671294,39.62,42.35,1.779,70.9414,4639712.0,80.4062
2020-07-08,16996.588133234,40.9,43.29,1.824,71.1138,4579060.0,81.4676
2020-07-07,16908.164503568,40.62,43.08,1.876,71.4936,4551486.0,80.5581
2020-07-06,17012.954655927,40.63,43.1,1.83,71.8276,4555616.0,79.5181
2020-07-03,16852.738789873,40.28,42.8,1.746,71.3983,4361644.0,79.5181
2020-07-02,16806.110066992,40.65,43.14,1.734,70.5747,4315907.0,79.1901
2020-06-30,16590.659113506,39.27,41.15,1.751,71.1734,4273808.0,78.6812
2020-06-29,16787.66235503,39.7,41.71,1.709,69.998,4235991.0,78.0589
2020-06-26,16686.895852483,38.49,41.02,1.495,69.7955,4049028.0,78.0589
2020-06-25,16854.050180228,38.72,41.05,1.482,69.0183,3957385.0,77.759
2020-06-23,17036.579224424,40.37,42.63,1.637,68.8651,3829910.0,77.8285
2020-06-22,17054.389572378,40.46,43.08,1.664,69.1003,3792177.0,78.2924
2020-06-19,17074.05289052,39.75,42.19,1.669,69.446,3668792.0,78.2924
2020-06-18,16870.127789414,38.84,41.51,1.638,69.8744,3605341.0,78.3829
2020-06-17,16934.219076366,37.96,40.71,1.638,69.7446,3566781.0,79.0434
2020-06-16,17018.608448704,38.38,40.96,1.614,69.6567,3503249.0,79.1451
2020-06-15,16749.870921168,37.12,39.72,1.669,69.5536,3473090.0,77.9229
2020-06-11,17022.1535267,36.34,38.55,1.813,70.2013,3326830.0,77.9229
2020-06-10,17503.346650604,39.6,41.73,1.78,68.4949,3298960.0,77.3481
2020-06-09,17595.76216885,38.94,41.18,1.767,68.5617,3299794.0,77.1861
2020-06-08,17532.515433464,38.19,40.8,1.789,68.1966,3249983.0,77.3245
2020-06-05,17589.03442052,39.55,42.3,1.782,68.686,3110817.0,77.3245
2020-06-04,17335.08990766,37.41,39.99,1.822,69.1601,3058285.0,76.6243
2020-06-03,17643.584816219,37.29,39.79,1.821,68.6504,3014629.0,76.7782
2020-06-02,17297.5912748,36.81,39.57,1.777,68.6754,3051842.0,77.6376
2020-06-01,16984.686182316,35.44,38.32,1.774,69.1249,3085626.0,78.2611
2020-05-29,16893.705167285,35.49,35.33,1.849,70.1445,3003852.0,78.2611
2020-05-28,17134.341068704,33.71,35.29,1.827,70.4928,2962108.0,77.9069
2020-05-27,16987.557791105,32.81,34.74,1.722,71.0038,2932810.0,77.7854
2020-05-26,17208.93425409,34.35,36.17,1.793,70.7948,2898360.0,77.8823
2020-05-25,17211.555136825,33.92,35.53,1.864,71.6901,2873670.0,77.7965
2020-05-22,16843.703006554,33.25,35.13,1.731,71.6123,2802400.0,77.7965
2020-05-21,16873.696437932,33.92,36.06,1.71,70.9631,2777306.0,79.1813
2020-05-20,17381.9160929,33.49,35.75,1.771,71.118,2733293.0,79.1677
2020-05-19,16940.472937264,32.5,34.65,1.83,72.4881,2702022.0,78.9422
2020-05-18,16782.930422421,31.82,34.81,1.783,72.6718,2662898.0,79.9033
2020-05-15,15934.600576869,29.43,32.5,1.646,73.616,2556611.0,79.9033
2020-05-14,15855.47867094,27.56,31.13,1.681,73.4875,2556611.0,79.7775
2020-05-13,15733.518377078,25.29,29.19,1.616,73.929,2556611.0,79.4394
2020-05-12,15970.056439395,25.78,29.98,1.72,73.7134,2447286.0,80.0611
2020-05-08,15885.744381984,24.74,30.97,1.823,73.4267,2350943.0,80.0611
2020-05-07,15813.954512318,23.55,29.46,1.894,74.1003,2302196.0,80.0598
2020-05-06,15855.739508915,23.99,29.72,1.944,74.5643,2253284.0,80.0488
2020-05-05,16108.56943595,24.56,30.97,2.134,73.7551,2225786.0,80.0488
2020-05-04,15691.237407057,20.39,27.2,1.993,74.8191,2196292.0,80.0488
2020-04-30,15874.114990293,18.84,25.27,1.949,74.3813,2031338.0,80.0488
2020-04-29,16059.492256514,15.06,22.54,1.869,73.0162,1990120.0,80.7749
2020-04-28,15645.462713237,12.34,20.46,1.794,74.1033,1965386.0,80.7611
2020-04-27,15321.5499633,12.78,19.99,1.819,74.4935,1929746.0,81.1468
2020-04-24,15327.570253571,16.94,21.44,1.746,74.5651,1833356.0,81.1468
2020-04-23,15661.287598205,16.5,21.33,1.815,74.7727,1784861.0,83.6826
2020-04-22,15457.979948101,13.78,20.37,1.939,75.9065,1731657.0,82.616
2020-04-21,14726.94574495,10.01,19.33,1.821,77.0694,1688075.0,81.1019
2020-04-20,14951.256408645,-37.63,25.57,1.924,75.5185,1663778.0,81.2791
2020-04-17,15035.10782044,18.27,28.08,1.753,73.958,1523145.0,81.2791
2020-04-16,14837.985143363,19.87,27.82,1.686,74.1841,1469773.0,80.6731
2020-04-15,14820.820326808,19.87,27.69,1.598,74.8437,1437736.0,80.1186
2020-04-14,15695.614981128,20.11,29.6,1.65,72.9953,1392708.0,80.5387
2020-04-13,15907.92841048,22.41,31.74,1.724,73.6013,1359608.0,81.0882
2020-04-10,16296.10303906,22.76,31.48,1.733,73.7523,1219940.0,81.0882
2020-04-09,16532.004128162,22.76,31.48,1.733,74.2565,1151573.0,82.2341
2020-04-08,16292.44609668,25.09,32.84,1.783,74.9406,1099309.0,82.012
2020-04-07,16151.234229916,23.63,31.87,1.852,75.5471,1049377.0,82.6346
2020-04-06,16121.906929206,26.08,33.05,1.731,76.0059,992848.0,85.7389
2020-04-03,16051.177578329,28.34,34.11,1.621,76.4918,828899.0,85.7389
2020-04-02,15703.0434381,25.32,29.94,1.552,77.2349,749879.0,85.7389
2020-04-01,14858.805384469,20.31,24.74,1.587,78.731,694016.0,85.7389
2020-03-31,14889.80729783,20.48,22.74,1.64,78.4426,637929.0,85.9648
2020-03-30,14218.040752758,20.09,22.76,1.69,79.3378,581578.0,85.9648
2020-03-27,14154.34037566,21.51,24.93,1.634,78.8122,435178.0,85.9648
2020-03-26,14844.0248814,22.6,26.34,1.637,77.4751,383471.0,84.1485
2020-03-25,14535.47993758,24.49,27.39,1.659,78.2023,332685.0,85.4253
2020-03-24,14122.215584428,24.01,27.15,1.653,78.2965,291420.0,86.705
2020-03-23,13161.548509231,23.36,27.03,1.602,79.5936,263379.0,87.2669
2020-03-20,13654.164760545,22.43,26.98,1.604,79.9236,173316.0,87.2669
2020-03-19,13428.425826746,25.22,28.47,1.654,79.1566,147658.0,84.8881
2020-03-18,12079.140900548,20.37,24.88,1.604,80.8692,122776.0,82.3056
2020-03-17,12816.341608897,26.95,28.73,1.729,75.4362,108357.0,82.7471
2020-03-16,13096.431334262,28.7,30.05,1.815,74.6596,96360.0,83.6584
2020-03-13,13241.593273468,31.73,33.85,1.869,72.6133,69550.0,83.6584
2020-03-12,13424.969575263,31.5,33.22,1.841,74.8742,55308.0,81.0207
2020-03-11,14700.409719896,32.98,35.79,1.878,72.9375,54257.0,81.8588
2020-03-10,14685.455561338,34.36,37.22,1.936,71.3747,49954.0,75.8424
2020-03-06,16699.741631104,41.28,45.27,1.708,68.5685,42476.0,73.6842
2020-03-05,17449.300089725,45.9,49.99,1.772,67.6538,40742.0,73.7369
2020-03-04,17640.406784777,46.78,51.13,1.827,66.2666,40696.0,73.9385
2020-03-03,17532.747775884,47.18,51.86,1.8,65.9881,41452.0,73.4178
2020-03-02,17146.2388091,46.75,51.9,1.756,66.4319,41619.0,71.6458
2020-02-28,13374.828264502605,44.76,50.52,1.684,66.8806,44529.0,71.6458
2020-02-27,18357.6554,47.09,52.18,1.752,66.0217,46655.0,71.2439
2020-02-26,19224.64318,48.73,53.43,1.821,65.4708,48234.0,70.4591
2020-02-25,19213.17837,49.9,54.95,1.847,65.3726,49793.0,69.4191
2020-02-21,19989.87283,53.38,58.5,1.905,64.0561,55678.0,68.7705
2020-02-20,20269.67304,53.78,59.31,1.92,64.2038,55773.0,68.7823
2020-02-19,20165.43036,53.29,59.12,1.955,63.571,57396.0,69.0882
2020-02-18,19800.49357,52.05,57.75,1.981,63.8115,58777.0,68.6201
2020-02-17,20131.9881,52.2,57.67,1.93,63.4645,58807.0,69.1795
2020-02-14,19915.14722,52.05,57.32,1.837,63.5556,57304.0,69.1795
2020-02-13,19987.97771,51.42,56.34,1.826,63.6413,52702.0,68.7843
2020-02-12,20132.99659,51.17,55.79,1.844,63.2143,38953.0,69.7684
2020-02-11,19849.18195,49.94,54.01,1.788,63.3759,39006.0,69.8226
2020-02-10,19513.96452,49.57,53.27,1.766,64.1332,37803.0,69.0837
2020-02-07,19851.51508,50.32,54.47,1.858,64.11,31661.0,69.0837
2020-02-06,20180.20023,50.95,54.93,1.862,63.3488,28673.0,69.7443
2020-02-05,20421.83943,50.75,55.28,1.861,62.8877,25947.0,70.1265
2020-02-04,20331.71893,49.61,53.96,1.872,63.1093,22548.0,70.7921
2020-02-03,20239.73865,50.11,54.45,1.819,63.715,18832.0,69.4151
2020-01-31,20296.02087,51.56,58.16,1.841,63.9203,9492.0,69.4151
2020-01-30,20522.91479,52.14,58.29,1.829,63.2759,7920.0,68.6764
2020-01-29,20692.47741,53.33,59.81,1.877,62.5451,5907.0,69.226
2020-01-28,20620.45857,53.48,59.51,1.934,62.2825,5340.0,68.7775
2020-01-27,20343.65108,53.14,59.32,1.902,62.9797,2784.0,68.6856
2020-01-24,20756.72043,54.19,60.69,1.893,62.0857,879.0,68.6856
2020-01-23,20779.2619,55.59,62.04,1.926,61.902,606.0,68.5186
2020-01-22,21101.3093,56.74,63.21,1.905,61.8397,510.0,68.6222
2020-01-21,21567.72051,58.34,64.59,1.895,61.8802,0.0,68.2082
2020-01-20,21651.22622,58.73,65.2,1.938,61.5553,0.0,68.656
2020-01-17,21699.80222,58.54,64.85,2.003,61.5573,0.0,68.656
2020-01-16,21561.5379,58.52,64.62,2.077,61.6574,0.0,68.3747
2020-01-15,21384.86674,57.81,64.0,2.12,61.4315,0.0,68.4213
2020-01-14,21367.7119,58.23,64.49,2.187,61.4394,0.0,67.8162
2020-01-13,21607.97623,58.08,64.2,2.182,61.2727,0.0,68.0555
2020-01-10,21518.3805,59.04,64.98,2.202,61.0548,0.0,68.0555
2020-01-09,21472.18838,59.56,65.37,2.166,61.283,0.0,69.3777
2020-01-08,21372.27657,59.61,65.44,2.141,61.2437,0.0,68.5003
2020-01-06,21188.54015,63.27,68.91,2.135,61.8227,0.0,68.5003
2020-01-03,21146.67045,63.05,68.6,2.13,62.0922,0.0,68.5003
2019-12-30,20881.03602,61.68,68.44,2.186,61.9863,0.0,68.5003
2019-12-27,20958.93056,61.72,68.16,2.158,62.0332,0.0,68.5003
2019-12-26,20841.7482,61.68,67.92,2.294,62.2138,0.0,68.4065
2019-12-25,20834.80648,61.19,67.2,2.236,61.8489,0.0,68.9062
2019-12-24,20866.21901,61.11,67.2,2.172,61.9669,0.0,68.9978
2019-12-23,20879.44793,60.52,66.39,2.214,62.268,0.0,69.5877
2019-12-20,20825.62339,60.44,66.14,2.328,62.2634,0.0,69.5877
2019-12-19,20735.529,61.22,66.54,2.273,62.4133,0.0,69.6925
2019-12-18,20876.80649,60.93,66.17,2.286,62.661,0.0,69.6801
2019-12-17,20839.78718,60.94,66.1,2.319,62.4038,0.0,69.9431
2019-12-16,20729.20319,60.21,65.34,2.341,62.4428,0.0,70.4271
2019-12-13,20618.60053,60.07,65.22,2.296,62.8624,0.0,70.4271
2019-12-12,20650.83664,59.18,64.2,2.328,62.8402,0.0,70.4558
2019-12-11,20401.60843,58.76,63.72,2.243,63.2695,0.0,70.3881
2019-12-10,20301.20894,59.24,64.34,2.264,63.5011,0.0,70.5047
2019-12-09,20468.80388,59.02,64.25,2.232,63.5847,0.0,70.7245
2019-12-06,20399.61106,59.2,64.39,2.334,63.7533,0.0,70.7245
2019-12-05,20197.72958,58.43,63.39,2.427,63.7294,0.0,71.1086
2019-12-04,20341.00279,58.43,63.0,2.399,63.9429,0.0,71.0608
2019-12-03,20091.56493,56.1,60.82,2.441,64.1502,0.0,70.973
2019-12-02,20399.43367,55.96,60.92,2.329,64.1748,0.0,70.5747
2019-11-29,20582.72512,55.17,62.43,2.281,64.3195,0.0,70.5747
2019-11-28,20533.63307,58.08,63.87,2.463,64.0735,0.0,70.4398
2019-11-27,20515.30943,58.11,64.06,2.501,63.9615,0.0,70.5159
2019-11-26,20640.486,58.41,64.27,2.47,63.9516,0.0,70.3122
2019-11-25,20850.60671,58.01,63.65,2.531,63.9381,0.0,70.6997
2019-11-22,20786.86765,57.77,63.39,2.665,63.8623,0.0,70.6997
2019-11-21,20767.3254,58.58,63.97,2.567,63.7094,0.0,70.8524
2019-11-20,20616.29802,57.11,62.4,2.559,63.8991,0.0,70.6286
2019-11-19,20683.50363,55.21,60.91,2.51,63.8192,0.0,70.5313
2019-11-18,20583.60033,57.05,62.44,2.566,63.8278,0.0,70.6761
2019-11-15,20840.85083,57.72,63.3,2.688,63.7628,0.0,70.6761
2019-11-14,20808.41312,56.77,62.28,2.647,63.9828,0.0,70.6724
2019-11-13,20965.37394,57.12,62.37,2.6,64.3456,0.0,70.4235
2019-11-12,21107.48716,56.8,62.06,2.621,64.2272,0.0,70.4759
2019-11-11,21119.54587,56.86,62.18,2.637,63.8874,0.0,70.5489
2019-11-08,21234.62403,57.24,62.51,2.789,63.8046,0.0,70.5489
2019-11-07,21586.01606,57.15,62.29,2.772,63.5284,0.0,70.4301
2019-11-06,21348.61386,56.35,61.74,2.828,63.8725,0.0,70.4203
2019-11-05,21125.83909,57.23,62.96,2.862,63.4946,0.0,71.4785
2019-11-01,20947.097,56.2,61.69,2.714,63.5244,0.0,71.1918
2019-10-31,20567.3485,54.18,60.23,2.633,64.1328,0.0,71.0081
2019-10-30,20655.4799,55.06,60.61,2.691,63.8536,0.0,70.7769
2019-10-29,20420.3296,55.54,61.59,2.597,63.9463,0.0,70.8382
2019-10-28,20149.31,55.81,61.57,2.446,63.752,0.0,71.14
2019-10-25,20421.31071,56.66,62.02,2.3,63.8639,0.0,71.14
2019-10-24,20312.72072,56.23,61.67,2.316,64.0693,0.0,70.9644
2019-10-23,19818.91602,55.97,61.17,2.282,63.9333,0.0,70.9196
2019-10-22,19590.10533,54.16,59.7,2.272,63.7282,0.0,71.1696
2019-10-21,19246.53656,53.31,58.96,2.238,63.7151,0.0,70.9023
2019-10-18,19236.14822,53.78,59.42,2.32,63.7651,0.0,70.9023
2019-10-17,19307.8769,53.93,59.91,2.318,64.1176,0.0,71.0503
2019-10-16,19311.62955,53.36,59.42,2.303,64.0773,0.0,70.8473
2019-10-15,19061.67616,52.81,58.74,2.339,64.2749,0.0,70.9305
2019-10-14,18947.0431,53.59,59.35,2.28,64.295,0.0,71.2999
2019-10-11,18986.74026,54.7,60.51,2.214,64.2224,0.0,71.2999
2019-10-10,18776.99004,53.55,59.1,2.218,64.4582,0.0,71.4511
2019-10-09,18785.09585,52.59,58.32,2.234,64.8895,0.0,71.2372
2019-10-08,18812.12994,52.63,58.24,2.288,65.2004,0.0,71.1464
2019-10-07,18884.86908,52.75,58.35,2.303,64.9596,0.0,71.2991
2019-10-04,18639.79813,52.81,58.37,2.352,64.6288,0.0,71.2991
2019-10-03,18681.41731,52.45,57.71,2.329,65.1317,0.0,71.4669
2019-10-02,18767.408,52.64,57.69,2.247,65.2033,0.0,70.8449
2019-10-01,19064.13784,53.62,58.89,2.283,65.2647,0.0,70.7169
2019-09-30,18892.6814,54.07,60.78,2.33,64.8569,0.0,70.3834
2019-09-27,19075.12454,55.91,61.91,2.404,64.6841,0.0,70.3834
2019-09-26,19212.1133,56.41,62.74,2.428,64.2124,0.0,70.5868
2019-09-25,19059.83156,56.49,62.39,2.502,64.1506,0.0,70.0193
2019-09-24,19017.7873,57.29,63.1,2.503,63.9902,0.0,70.2759
2019-09-23,19266.02398,58.64,64.77,2.527,63.8469,0.0,70.9373
2019-09-20,19246.6951,58.09,64.28,2.534,64.02,0.0,70.9373
2019-09-19,19102.34036,58.13,64.4,2.538,63.9748,0.0,71.2391
2019-09-18,19243.32481,58.11,63.6,2.637,64.163,0.0,70.604
2019-09-17,19307.50797,59.34,64.55,2.668,64.3652,0.0,70.6695
2019-09-16,19434.24204,62.9,69.02,2.681,64.0405,0.0,71.8273
2019-09-13,18882.71678,54.85,60.22,2.614,64.3403,0.0,71.8273
2019-09-12,18930.07841,55.09,60.38,2.574,64.7151,0.0,72.224
2019-09-11,19179.60551,55.75,60.81,2.552,65.4915,0.0,72.3039
2019-09-10,18944.19334,57.4,62.38,2.58,65.4233,0.0,72.33
2019-09-09,19088.20981,57.85,62.59,2.585,65.5344,0.0,72.8761
2019-09-06,19162.69017,56.52,61.54,2.496,65.7289,0.0,72.8761
2019-09-05,19186.98594,56.3,60.95,2.435,66.2335,0.0,73.0638
2019-09-04,19092.2261,56.26,60.7,2.445,66.2255,0.0,73.2032
2019-09-03,18968.73366,53.94,58.26,2.358,66.7693,0.0,73.1726
2019-09-02,18878.94086,54.66,58.66,2.312,66.7973,0.0,73.9558
2019-08-30,14699.589754916864,55.1,60.43,2.285,66.7657,0.0,73.9558
2019-08-29,18684.51554,56.71,61.08,2.296,66.5718,0.0,73.6583
2019-08-28,18404.72809,55.78,60.49,2.251,66.7779,0.0,73.6091
2019-08-27,18250.71977,54.93,59.51,2.202,66.4352,0.0,73.3955
2019-08-26,18364.38119,53.64,58.7,2.23,66.0593,0.0,72.8312
2019-08-23,18394.6687,54.17,59.34,2.152,65.999,0.0,72.8312
2019-08-22,18553.90248,55.35,59.92,2.159,65.6081,0.0,73.4989
2019-08-21,18579.47193,55.68,60.3,2.17,65.754,0.0,73.9766
2019-08-20,18602.60815,56.34,60.03,2.218,66.5455,0.0,73.9484
2019-08-19,18293.96665,56.21,59.74,2.21,66.8987,0.0,73.455
2019-08-16,18075.83113,54.87,58.64,2.2,66.5148,0.0,73.455
2019-08-15,18108.88005,54.47,58.23,2.232,66.0533,0.0,72.9037
2019-08-14,18191.8604,55.23,59.48,2.143,66.0531,0.0,73.4149
2019-08-13,18525.43728,57.1,61.3,2.147,64.9112,0.0,73.1231
2019-08-12,18521.85399,54.93,58.57,2.105,65.4132,0.0,73.0432
2019-08-09,18546.86235,54.5,58.53,2.119,65.2816,0.0,73.0432
2019-08-08,18667.47773,52.54,57.38,2.128,65.0435,0.0,72.8914
2019-08-07,18498.49843,51.09,56.23,2.083,65.3237,0.0,73.073
2019-08-06,18545.73168,53.63,58.94,2.111,65.2723,0.0,72.3732
2019-08-05,18305.55634,54.69,59.81,2.07,65.5195,0.0,70.4727
2019-08-02,18492.93799,55.66,61.89,2.121,65.2713,0.0,70.4727
2019-08-01,18905.55472,53.95,60.5,2.202,64.3518,0.0,70.7355
2019-07-31,18972.88596,58.58,65.17,2.233,63.6284,0.0,70.598
2019-07-30,18881.63406,58.05,64.72,2.137,63.5067,0.0,70.6417
2019-07-29,18917.47624,56.87,63.71,2.141,63.4357,0.0,70.294
2019-07-26,18830.58182,56.2,63.46,2.169,63.3663,0.0,70.294
2019-07-25,18517.8921,56.02,63.39,2.244,63.2336,0.0,70.3241
2019-07-24,18320.69118,55.88,63.18,2.22,63.2936,0.0,70.635
2019-07-23,18473.77505,56.77,63.83,2.3,63.1609,0.0,70.6546
2019-07-22,18336.32523,56.22,63.26,2.312,63.096,0.0,70.6068
2019-07-19,18335.42181,55.63,62.47,2.251,63.0295,0.0,70.6068
2019-07-18,18317.67969,55.3,61.93,2.287,62.8087,0.0,70.5552
2019-07-17,18499.7735,56.78,63.66,2.304,62.9353,0.0,70.6771
2019-07-16,18827.29351,57.62,64.35,2.306,63.0391,0.0,70.8574
2019-07-15,18824.41112,59.58,66.48,2.408,62.6628,0.0,71.0073
2019-07-12,19072.07934,60.21,66.72,2.453,62.9505,0.0,71.0073
2019-07-11,19191.14363,60.2,66.52,2.416,62.8166,0.0,71.5631
2019-07-10,19409.8771,60.43,67.01,2.444,63.1755,0.0,71.4626
2019-07-09,19399.34171,57.83,64.16,2.425,63.9014,0.0,71.7067
2019-07-08,19280.78885,57.66,64.11,2.403,63.6823,0.0,71.542
2019-07-05,19400.93087,57.51,64.23,2.418,63.8159,0.0,71.542
2019-07-04,19557.86355,56.8,63.3,2.285,63.4766,0.0,71.6034
2019-07-03,19318.2398,57.34,63.82,2.29,63.322,0.0,71.408
2019-07-02,19205.64046,56.25,62.4,2.24,63.311,0.0,71.3962
2019-07-01,19178.12272,59.09,65.06,2.267,62.973,0.0,71.6635
2019-06-28,18884.77483,58.47,66.55,2.308,63.2305,0.0,71.6635
2019-06-27,18919.97232,59.43,66.55,2.324,63.0788,0.0,71.3816
2019-06-26,18848.83341,59.38,66.49,2.291,63.0602,0.0,71.2323
2019-06-25,18698.95919,57.83,65.05,2.308,62.8613,0.0,71.5973
2019-06-24,18722.20004,57.9,64.86,2.303,62.584,0.0,71.5457
2019-06-21,18798.51332,57.43,65.2,2.186,63.0073,0.0,71.5457
2019-06-20,18846.2417,56.65,64.45,2.185,62.91,0.0,71.6377
2019-06-19,18553.91914,53.76,61.82,2.276,63.7783,0.0,72.2291
2019-06-18,18660.61617,53.9,62.14,2.328,64.025,0.0,72.1077
2019-06-17,18524.39683,51.93,60.94,2.386,64.3192,0.0,73.0141
2019-06-14,18550.99168,52.51,62.01,2.387,64.3915,0.0,73.0141
2019-06-13,18797.2252,52.28,61.31,2.325,64.5806,0.0,73.0448
2019-06-11,18884.08812,53.27,62.29,2.399,64.5588,0.0,73.2148
2019-06-10,18690.55978,53.26,62.29,2.357,64.7798,0.0,73.2708
2019-06-07,18585.2898,53.99,63.29,2.337,64.87,0.0,73.2708
2019-06-06,18656.37181,52.59,61.67,2.324,65.085,0.0,73.369
2019-06-05,18572.66216,51.68,60.63,2.378,65.3773,0.0,73.4239
2019-06-04,18766.5145,53.48,61.97,2.416,65.1582,0.0,73.218
2019-06-03,19075.37992,53.25,61.28,2.403,65.3445,0.0,72.4229
2019-05-31,18540.00574,53.5,64.49,2.454,65.4306,0.0,72.4229
2019-05-30,18483.61904,56.59,66.87,2.547,65.1893,0.0,72.4118
2019-05-29,18317.7216,58.81,69.45,2.633,64.9661,0.0,72.168
2019-05-28,18048.78685,59.14,70.11,2.582,64.7077,0.0,72.1863
2019-05-27,18174.42362,59.16,70.11,2.584,64.4589,0.0,71.8369
2019-05-24,18045.23689,58.63,68.69,2.598,64.4809,0.0,71.8369
2019-05-23,18137.21536,57.91,67.76,2.578,64.8495,0.0,71.8427
2019-05-22,18104.3095,61.42,70.99,2.543,64.3877,0.0,71.9654
2019-05-21,17949.02026,62.99,72.18,2.613,64.4213,0.0,71.9631
2019-05-20,17526.3271,63.1,71.97,2.673,64.5266,0.0,72.3651
2019-05-17,17530.4218,62.76,72.21,2.631,64.7683,0.0,72.3651
2019-05-16,17585.91338,62.87,72.62,2.639,64.6215,0.0,72.6891
2019-05-15,17228.18977,62.02,71.77,2.601,64.6534,0.0,73.3712
2019-05-14,17318.28391,61.78,71.24,2.659,64.945,0.0,73.5231
2019-05-13,16828.67024,61.04,70.23,2.621,65.4278,0.0,73.0888
2019-05-10,16733.33123,61.66,70.62,2.619,65.1033,0.0,73.0888
2019-05-08,16857.00941,62.12,70.37,2.61,65.0687,0.0,73.0817
2019-05-07,16964.74642,61.4,69.88,2.537,65.3974,0.0,73.1099
2019-05-06,17061.87531,62.25,71.24,2.524,65.2236,0.0,72.3096
2019-05-03,17050.79644,61.94,70.85,2.567,65.088,0.0,72.3096
2019-05-02,17114.01746,61.81,70.75,2.589,65.4368,0.0,72.3096
2019-04-30,17095.45714,63.91,72.8,2.575,64.6373,0.0,72.2024
2019-04-29,17182.84415,63.5,72.04,2.593,64.4728,0.0,72.1111
2019-04-26,17192.61445,63.3,72.15,2.566,64.7334,0.0,72.1111
2019-04-25,17118.54269,65.21,74.35,2.514,64.6565,0.0,71.715
2019-04-24,17162.43724,65.89,74.57,2.462,64.3406,0.0,71.7453
2019-04-23,17216.08938,66.3,74.51,2.455,63.6853,0.0,71.721
2019-04-22,17168.0726,65.7,74.04,2.524,63.8083,0.0,72.244
2019-04-19,16913.57546,64.0,71.97,2.49,64.0515,0.0,72.244
2019-04-18,16921.14865,64.0,71.97,2.49,63.8939,0.0,72.3602
2019-04-17,16955.40264,63.76,71.62,2.517,63.8584,0.0,72.6515
2019-04-16,16904.41092,64.05,71.72,2.572,64.1045,0.0,72.7018
2019-04-15,16660.90763,63.4,71.18,2.59,64.267,0.0,72.6551
2019-04-12,16785.19982,63.89,71.55,2.66,64.3497,0.0,72.6551
2019-04-11,16716.76612,63.58,70.83,2.664,64.6097,0.0,72.946
2019-04-10,16829.19904,64.61,71.73,2.7,64.3223,0.0,72.9708
2019-04-09,16764.77134,63.98,70.61,2.699,64.9032,0.0,73.3617
2019-04-08,16807.4637,64.4,71.1,2.708,64.8788,0.0,73.4223
2019-04-05,16730.05359,63.08,70.34,2.664,65.3465,0.0,73.4223
2019-04-04,16765.55792,62.1,69.4,2.643,65.4796,0.0,73.1725
2019-04-03,16734.17335,62.46,69.31,2.677,65.2355,0.0,73.3162
2019-04-02,16688.84092,62.58,69.37,2.684,65.299,0.0,73.4967
2019-04-01,16669.23372,61.59,69.01,2.708,65.1784,0.0,72.8884
2019-03-29,16490.69298,60.14,68.39,2.662,65.634,0.0,72.8884
2019-03-28,16373.75234,59.3,67.82,2.712,64.9382,0.0,72.7182
2019-03-27,16313.98384,59.41,67.83,2.713,64.8291,0.0,72.5808
2019-03-26,16382.51244,59.94,67.97,2.74,64.3919,0.0,72.9229
2019-03-25,16383.21608,58.82,67.21,2.755,64.0807,0.0,72.787
2019-03-22,16448.14232,59.04,67.03,2.753,64.6616,0.0,72.787
2019-03-21,16520.93126,59.98,67.86,2.821,63.8684,0.0,72.9389
2019-03-20,16434.63645,59.83,68.5,2.82,63.8577,0.0,72.9995
2019-03-19,16258.6505,59.03,67.61,2.874,64.38,0.0,73.361
2019-03-18,16211.89362,59.09,67.54,2.85,64.3651,0.0,74.0613
2019-03-15,16233.66418,58.52,67.16,2.795,64.8075,0.0,74.0613
2019-03-14,16124.0916,58.61,67.23,2.855,65.514,0.0,74.0237
2019-03-13,16219.00599,58.26,67.55,2.82,65.3932,0.0,74.0672
2019-03-12,16166.86358,56.87,66.67,2.784,65.6236,0.0,74.2896
2019-03-11,16185.83528,56.79,66.58,2.772,65.9751,0.0,74.4158
2019-03-07,16276.8555,56.66,66.3,2.866,66.2827,0.0,74.4158
2019-03-06,16421.09714,56.22,65.99,2.841,65.9751,0.0,74.5058
2019-03-05,16228.14731,56.56,65.86,2.884,65.7624,0.0,74.7438
2019-03-04,16262.9517,56.59,65.67,2.857,65.7387,0.0,74.9691
2019-03-01,16236.32409,55.8,65.07,2.859,65.9365,0.0,74.9691
2019-02-28,16313.89801,57.22,66.03,2.812,65.9151,0.0,74.8249
2019-02-27,16387.90762,56.94,66.39,2.799,65.7901,0.0,74.4898
2019-02-26,16364.95552,55.5,65.21,2.855,65.6999,0.0,74.0876
2019-02-25,16358.8324,55.48,64.76,2.836,65.495,0.0,74.2963
2019-02-22,16434.62957,57.26,67.12,2.717,65.3869,0.0,74.2963
2019-02-21,16270.60201,56.96,67.07,2.697,65.5739,0.0,74.6816
2019-02-20,16380.67609,56.92,67.08,2.636,65.6328,0.0,74.8151
2019-02-19,16264.92014,56.09,66.45,2.662,65.7666,0.0,74.9055
2019-02-18,16314.8495,56.27,66.5,2.646,66.2745,0.0,75.0471
2019-02-15,16370.6219,55.59,66.25,2.625,66.3093,0.0,75.0471
2019-02-14,16134.94733,54.41,64.57,2.573,66.6512,0.0,74.3872
2019-02-13,16302.39027,53.9,63.61,2.575,66.5134,0.0,74.1459
2019-02-12,16708.6949,53.1,62.42,2.688,65.8784,0.0,74.3243
2019-02-11,16569.91757,52.41,61.51,2.642,65.8422,0.0,74.9656
2019-02-08,16567.04027,52.72,62.1,2.583,65.7932,0.0,74.9656
2019-02-07,16594.33767,52.64,61.63,2.551,65.9173,0.0,74.7703
2019-02-06,16822.79195,54.01,62.69,2.662,65.8698,0.0,74.9127
2019-02-05,16958.7175,53.66,61.98,2.662,65.6228,0.0,75.0565
2019-02-04,16665.572,54.56,62.51,2.66,65.5888,0.0,75.2006
2019-02-01,16617.51768,55.26,62.75,2.734,65.5049,0.0,75.2006
2019-01-31,16620.74509,53.79,61.89,2.814,65.4103,0.0,75.5706
2019-01-30,16681.82747,54.23,61.65,2.854,65.5051,0.0,75.8811
2019-01-29,16552.25336,53.31,61.32,2.95,66.0576,0.0,75.1932
2019-01-28,16405.93881,51.99,59.93,2.911,66.264,0.0,75.0306
2019-01-25,16522.11527,53.69,61.64,3.178,65.9938,0.0,75.0306
2019-01-24,16345.93819,53.13,61.09,3.099,65.7634,0.0,75.3861
2019-01-23,16548.40004,52.62,61.14,2.98,66.0805,0.0,75.5541
2019-01-22,16447.19428,52.57,61.5,3.04,66.5341,0.0,75.5481
2019-01-21,16524.86829,54.24,62.74,3.32,66.3882,0.0,75.633
2019-01-18,16543.74835,53.8,62.7,3.482,66.2722,0.0,75.633
2019-01-17,16431.3843,52.07,61.18,3.413,66.3653,0.0,76.135
2019-01-16,16435.11076,52.31,61.32,3.384,66.372,0.0,76.9498
2019-01-15,16576.72784,52.11,60.64,3.501,66.9595,0.0,77.0692
2019-01-14,16660.70249,50.51,58.99,3.591,67.0783,0.0,77.2105
2019-01-11,16733.21158,51.59,60.48,3.099,66.8938,0.0,77.2105
2019-01-10,16654.22321,52.59,61.68,2.969,66.9102,0.0,76.9066
2019-01-09,16491.58494,52.36,61.44,2.984,66.7328,0.0,79.6581
2019-01-08,16374.86624,49.78,58.72,2.967,66.9003,0.0,79.6581
2019-01-04,16558.41862,47.96,57.06,3.044,67.7368,0.0,79.6581
2019-01-03,16319.80085,47.09,55.95,2.945,68.6577,0.0,79.6581
2018-12-29,16362.25738,45.33,52.2,3.303,69.8319,0.0,79.6581
2018-12-28,16231.2337,45.33,52.2,3.303,69.5012,0.0,78.388
2018-12-27,15988.70344,44.61,52.16,3.642,69.5675,0.0,78.5237
2018-12-26,15809.55646,46.22,54.47,3.543,68.6993,0.0,78.4309
2018-12-25,15670.94233,43.16,50.47,3.49,68.6627,0.0,77.8886
2018-12-24,15932.09729,42.53,50.47,3.467,68.5829,0.0,76.9377
2018-12-21,16035.85783,45.59,53.82,3.816,68.8671,0.0,76.9377
2018-12-20,16018.18111,45.88,54.35,3.583,68.3253,0.0,76.4742
2018-12-19,16132.92225,47.2,57.24,3.726,67.4674,0.0,75.7761
2018-12-18,16053.42965,46.24,56.26,3.838,67.2727,0.0,75.3814
2018-12-17,16263.69989,49.88,59.61,3.528,66.7793,0.0,75.3916
2018-12-14,16345.933,51.2,60.28,3.827,66.745,0.0,75.3916
2018-12-13,16324.08387,52.58,61.45,4.124,66.2312,0.0,75.2168
2018-12-12,16315.72774,51.15,60.15,4.136,66.3996,0.0,75.6197
2018-12-11,16553.30096,51.65,60.2,4.407,66.3795,0.0,75.7075
2018-12-10,16584.97163,51.0,59.97,4.545,66.6529,0.0,75.6071
2018-12-07,16864.19329,52.61,61.67,4.488,66.4006,0.0,75.6071
2018-12-06,16668.81236,51.49,60.06,4.327,66.8741,0.0,75.7051
2018-12-05,16954.24021,52.89,61.56,4.469,66.5669,0.0,75.6562
2018-12-04,16881.49509,53.25,62.08,4.457,66.8401,0.0,75.3874
2018-12-03,16823.66498,52.95,61.69,4.339,66.5095,0.0,75.7484
