"Дата","Цена","Откр.","Макс.","Мин.","Объём","Изм. %"
"12.05.2023","398,95","391,80","398,95","390,75","2,48M","1,86%"
"11.05.2023","391,65","392,50","398,95","387,90","4,19M","-0,11%"
"10.05.2023","392,10","381,00","393,45","380,25","2,26M","2,89%"
"08.05.2023","381,10","379,90","382,60","378,75","678,28K","0,65%"
"05.05.2023","378,65","379,50","383,00","376,00","1,81M","-0,34%"
"04.05.2023","379,95","378,45","382,10","376,00","1,92M","0,52%"
"03.05.2023","378,00","390,00","390,15","377,05","2,93M","-3,08%"
"02.05.2023","390,00","393,80","395,80","387,50","2,60M","-0,96%"
"28.04.2023","393,80","398,90","399,75","393,30","2,15M","-1,12%"
"27.04.2023","398,25","396,00","398,60","394,35","1,30M","0,63%"
"26.04.2023","395,75","396,15","399,50","395,45","1,23M","-0,18%"
"25.04.2023","396,45","399,80","400,75","395,00","1,33M","-0,99%"
"24.04.2023","400,40","398,00","400,95","396,80","1,47M","0,41%"
"21.04.2023","398,75","397,80","401,00","394,55","1,86M","0,57%"
"20.04.2023","396,50","395,75","399,00","390,05","3,42M","0,10%"
"19.04.2023","396,10","397,30","402,95","394,90","4,25M","-0,23%"
"18.04.2023","397,00","396,00","398,85","393,85","2,31M","0,29%"
"17.04.2023","395,85","395,00","395,95","392,60","2,08M","0,88%"
"14.04.2023","392,40","389,95","394,00","385,25","2,20M","0,59%"
"13.04.2023","390,10","391,75","391,80","387,30","1,10M","-0,20%"
"12.04.2023","390,90","388,50","391,90","388,10","1,48M","0,66%"
"11.04.2023","388,35","395,00","397,45","385,10","3,45M","-1,31%"
"10.04.2023","393,50","391,75","395,45","391,20","2,52M","0,46%"
"07.04.2023","391,70","390,75","392,20","386,65","1,79M","0,49%"
"06.04.2023","389,80","390,00","393,40","388,60","2,66M","0,03%"
"05.04.2023","389,70","390,30","391,95","382,15","2,65M","-0,08%"
"04.04.2023","390,00","391,90","394,10","387,25","3,25M","-0,23%"
"03.04.2023","390,90","393,80","396,00","388,10","6,39M","2,63%"
"31.03.2023","380,90","386,95","386,95","376,10","3,10M","-1,36%"
"30.03.2023","386,15","385,55","387,85","383,00","1,70M","0,18%"
"29.03.2023","385,45","383,00","386,65","378,15","3,18M","1,04%"
"28.03.2023","381,50","384,20","384,55","377,65","2,27M","-0,46%"
"27.03.2023","383,25","378,95","384,95","377,65","2,93M","1,59%"
"24.03.2023","377,25","375,10","378,00","373,40","1,23M","0,75%"
"23.03.2023","374,45","375,70","378,05","371,80","1,75M","-0,28%"
"22.03.2023","375,50","371,00","379,70","368,25","3,35M","1,00%"
"21.03.2023","371,80","379,50","384,70","367,65","6,55M","-1,48%"
"20.03.2023","377,40","366,30","380,00","364,65","6,77M","3,34%"
"17.03.2023","365,20","360,30","366,00","357,25","4,45M","1,67%"
"16.03.2023","359,20","356,25","359,50","353,20","2,21M","0,35%"
"15.03.2023","357,95","365,00","367,90","355,50","3,64M","-1,81%"
"14.03.2023","364,55","362,40","371,00","362,00","2,80M","0,29%"
"13.03.2023","363,50","366,20","368,25","360,05","3,13M","-0,66%"
"10.03.2023","365,90","363,00","366,55","359,55","2,27M","0,52%"
"09.03.2023","364,00","365,00","366,45","362,65","1,64M","-0,08%"
"07.03.2023","364,30","365,35","366,00","362,75","2,06M","-0,29%"
"06.03.2023","365,35","361,90","365,95","359,80","2,48M","1,83%"
"03.03.2023","358,80","354,20","359,60","354,20","1,64M","1,06%"
"02.03.2023","355,05","361,70","361,90","354,15","3,62M","-1,76%"
"01.03.2023","361,40","359,10","364,45","358,60","2,68M","0,84%"
"28.02.2023","358,40","357,75","361,35","356,35","2,61M","0,18%"
"27.02.2023","357,75","350,30","359,00","350,30","2,35M","1,50%"
"24.02.2023","352,45","354,10","355,65","350,15","1,17M","-0,37%"
"22.02.2023","353,75","352,65","354,65","349,40","1,61M","0,31%"
"21.02.2023","352,65","347,10","354,60","347,00","3,53M","1,60%"
"20.02.2023","347,10","345,10","348,45","339,00","2,43M","0,58%"
"17.02.2023","345,10","341,20","346,80","339,40","1,79M","0,74%"
"16.02.2023","342,55","341,25","344,95","340,55","1,71M","0,87%"
"15.02.2023","339,60","343,05","346,00","334,40","3,44M","-1,34%"
"14.02.2023","344,20","349,90","350,40","343,50","3,20M","-1,49%"
"13.02.2023","349,40","350,25","355,00","349,20","1,66M","-0,46%"
"10.02.2023","351,00","349,10","351,80","347,30","1,62M","0,23%"
"09.02.2023","350,20","359,25","359,30","347,05","2,69M","0,10%"
"08.02.2023","349,85","355,60","359,35","348,05","4,78M","-1,52%"
"07.02.2023","355,25","348,00","358,15","346,75","5,39M","2,35%"
"06.02.2023","347,10","341,50","347,95","341,10","3,00M","1,54%"
"03.02.2023","341,85","342,00","343,75","339,00","1,68M","-0,07%"
"02.02.2023","342,10","344,30","344,95","341,45","1,68M","-0,26%"
"01.02.2023","343,00","340,95","344,40","340,90","2,82M","0,66%"
"31.01.2023","340,75","337,10","340,90","337,10","2,10M","0,92%"
"30.01.2023","337,65","337,10","338,70","335,50","1,34M","0,21%"
"27.01.2023","336,95","334,90","337,80","333,40","1,45M","0,58%"
"26.01.2023","335,00","338,40","339,20","334,10","2,09M","-0,95%"
"25.01.2023","338,20","336,55","338,80","335,40","1,29M","0,43%"
"24.01.2023","336,75","340,95","343,00","335,80","1,84M","-0,97%"
"23.01.2023","340,05","338,50","340,25","336,20","1,16M","1,04%"
"20.01.2023","336,55","339,90","340,45","334,50","2,29M","-0,96%"
"19.01.2023","339,80","343,30","343,85","339,00","1,69M","-1,26%"
"18.01.2023","344,15","340,35","345,90","340,15","2,04M","0,82%"
"17.01.2023","341,35","345,70","345,90","340,30","2,01M","-1,29%"
"16.01.2023","345,80","346,45","347,60","345,05","1,71M","-0,07%"
"13.01.2023","346,05","346,00","347,00","345,35","1,41M","-0,23%"
"12.01.2023","346,85","347,20","347,80","345,60","1,53M","-0,14%"
"11.01.2023","347,35","347,60","350,50","345,00","8,21M","-5,29%"
"10.01.2023","366,75","367,30","368,00","362,20","5,59M","-0,33%"
"09.01.2023","367,95","368,20","369,60","366,40","4,35M","0,18%"
"06.01.2023","367,30","368,00","368,50","366,75","938,44K","-0,05%"
"05.01.2023","367,50","367,20","369,00","365,80","1,33M","0,46%"
"04.01.2023","365,80","366,50","367,60","363,25","1,81M","-0,61%"
"03.01.2023","368,05","367,95","372,75","366,20","2,64M","0,73%"
"30.12.2022","365,40","360,45","365,75","359,15","2,51M","1,61%"
"29.12.2022","359,60","354,25","360,65","354,05","2,43M","1,27%"
"28.12.2022","355,10","355,50","356,65","353,90","1,79M","-0,10%"
"27.12.2022","355,45","353,15","356,30","352,50","2,14M","0,87%"
"26.12.2022","352,40","343,70","353,15","343,70","3,58M","2,65%"
"23.12.2022","343,30","345,00","346,25","340,30","1,40M","-0,41%"
"22.12.2022","344,70","346,20","348,20","343,15","2,02M","-0,14%"
"21.12.2022","345,20","346,00","348,00","340,35","3,03M","0,31%"
"20.12.2022","344,15","334,80","345,20","333,10","3,29M","3,35%"
"19.12.2022","333,00","330,95","337,00","329,10","1,98M","0,63%"
"16.12.2022","330,90","328,00","331,95","326,05","1,60M","0,88%"
"15.12.2022","328,00","333,90","334,00","327,40","2,22M","-1,65%"
"14.12.2022","333,50","337,55","337,90","333,05","1,41M","-1,16%"
"13.12.2022","337,40","335,95","337,95","334,05","1,24M","0,66%"
"12.12.2022","335,20","336,20","339,70","333,00","1,59M","-0,28%"
"09.12.2022","336,15","333,80","337,00","333,35","1,42M","0,73%"
"08.12.2022","333,70","336,00","336,95","333,15","1,12M","-0,42%"
"07.12.2022","335,10","335,70","337,00","330,50","3,30M","-0,27%"
"06.12.2022","336,00","341,60","343,30","335,25","1,94M","-1,31%"
"05.12.2022","340,45","334,95","344,70","333,25","4,05M","1,63%"
"02.12.2022","335,00","336,00","336,35","334,20","1,04M","-0,27%"
"01.12.2022","335,90","336,50","338,35","334,85","1,98M","-0,10%"
"30.11.2022","336,25","336,20","336,60","334,15","1,23M","0,10%"
"29.11.2022","335,90","335,20","337,50","333,60","1,72M","0,81%"
"28.11.2022","333,20","332,80","334,80","328,05","4,29M","-0,80%"
"25.11.2022","335,90","334,10","337,00","332,40","1,95M","0,34%"
"24.11.2022","334,75","338,25","339,20","333,75","2,22M","-0,95%"
"23.11.2022","337,95","335,80","339,50","331,25","3,93M","0,90%"
"22.11.2022","334,95","331,90","337,10","330,40","3,80M","0,93%"
"21.11.2022","331,85","335,60","336,10","324,80","6,25M","-1,50%"
"18.11.2022","336,90","336,70","338,40","332,85","2,58M","-0,01%"
"17.11.2022","336,95","342,50","343,40","335,20","3,69M","-1,62%"
"16.11.2022","342,50","339,95","344,95","338,50","3,56M","1,21%"
"15.11.2022","338,40","350,50","351,00","326,75","7,67M","-3,55%"
"14.11.2022","350,85","357,70","358,60","348,35","6,92M","-1,71%"
"11.11.2022","356,95","360,00","363,50","350,00","8,64M","-0,36%"
"10.11.2022","358,25","348,50","359,85","348,00","5,94M","2,77%"
"09.11.2022","348,60","350,00","353,10","346,15","5,66M","-0,95%"
"08.11.2022","351,95","356,80","359,20","349,30","6,71M","-1,33%"
"07.11.2022","356,70","338,00","357,45","337,30","12,07M","6,48%"
"03.11.2022","335,00","333,50","335,85","328,85","4,01M","0,39%"
"02.11.2022","333,70","333,10","339,70","330,50","4,34M","0,41%"
"01.11.2022","332,35","334,80","335,95","330,05","3,21M","-0,46%"
"31.10.2022","333,90","341,85","342,95","331,25","6,39M","-2,31%"
"28.10.2022","341,80","342,20","344,55","338,20","5,19M","-0,60%"
"27.10.2022","343,85","341,95","347,95","337,70","8,43M","0,94%"
"26.10.2022","340,65","333,00","342,40","326,15","10,32M","2,48%"
"25.10.2022","332,40","312,90","332,40","312,25","8,61M","5,99%"
"24.10.2022","313,60","313,00","316,55","311,35","3,01M","0,74%"
"21.10.2022","311,30","310,80","312,90","305,05","3,57M","0,14%"
"20.10.2022","310,85","309,80","314,00","306,20","4,75M","0,94%"
"19.10.2022","307,95","302,50","309,50","298,25","6,09M","0,82%"
"18.10.2022","305,45","315,95","316,60","302,90","6,87M","-2,55%"
"17.10.2022","313,45","300,00","314,50","298,05","7,38M","4,64%"
"14.10.2022","299,55","300,00","302,80","292,25","5,75M","0,25%"
"13.10.2022","298,80","292,00","299,60","290,35","6,55M","2,33%"
"12.10.2022","292,00","288,30","294,20","281,05","5,58M","1,64%"
"11.10.2022","287,30","278,15","288,00","276,20","4,62M","3,40%"
"10.10.2022","277,85","259,05","279,00","259,05","8,38M","3,29%"
"07.10.2022","269,00","285,00","287,20","268,50","8,10M","-6,21%"
"06.10.2022","286,80","285,00","295,95","281,65","8,28M","1,34%"
"05.10.2022","283,00","283,35","289,35","265,10","13,13M","-0,26%"
"04.10.2022","283,75","290,00","292,30","276,20","8,39M","-1,44%"
"03.10.2022","287,90","266,15","287,90","265,25","8,55M","9,03%"
"30.09.2022","264,05","258,05","269,90","245,65","9,07M","3,12%"
"29.09.2022","256,05","263,00","266,45","249,50","8,58M","-2,64%"
"28.09.2022","263,00","266,00","272,00","257,55","6,33M","-1,48%"
"27.09.2022","266,95","263,00","270,55","255,00","9,52M","3,51%"
"26.09.2022","257,90","289,95","289,95","252,20","14,89M","-13,08%"
"23.09.2022","296,70","315,50","315,55","293,05","8,33M","-5,96%"
"22.09.2022","315,50","312,55","323,50","309,60","6,84M","0,94%"
"21.09.2022","312,55","293,40","323,60","278,20","12,48M","-5,55%"
"20.09.2022","330,90","356,70","357,80","313,05","18,18M","-7,63%"
"19.09.2022","358,25","356,90","362,90","355,10","3,38M","-0,22%"
"16.09.2022","359,05","367,20","367,20","358,30","7,95M","-2,25%"
"15.09.2022","367,30","377,00","382,90","364,00","14,05M","-2,25%"
"14.09.2022","375,75","373,00","377,50","366,90","3,98M","0,63%"
"13.09.2022","373,40","380,55","381,25","372,05","2,62M","-1,58%"
"12.09.2022","379,40","377,55","383,75","374,70","3,70M","0,37%"
"09.09.2022","378,00","375,00","378,80","371,55","3,85M","0,96%"
"08.09.2022","374,40","375,10","376,00","368,25","2,76M","-0,41%"
"07.09.2022","375,95","374,85","382,85","368,00","5,29M","0,07%"
"06.09.2022","375,70","384,95","385,85","362,00","8,06M","-2,44%"
"05.09.2022","385,10","387,00","387,75","372,00","4,11M","0,00%"
"02.09.2022","385,10","375,00","389,95","373,50","8,66M","3,11%"
"01.09.2022","373,50","368,00","374,00","361,80","5,07M","1,49%"
"31.08.2022","368,00","372,00","381,40","364,50","5,35M","1,85%"
"30.08.2022","361,30","367,95","370,00","360,50","3,84M","-1,63%"
"29.08.2022","367,30","361,75","368,95","361,10","2,63M","1,60%"
"26.08.2022","361,50","356,25","361,90","354,45","1,57M","1,66%"
"25.08.2022","355,60","358,90","360,00","353,20","2,20M","-0,73%"
"24.08.2022","358,20","356,55","359,45","356,00","2,54M","0,62%"
"23.08.2022","356,00","349,00","356,30","347,15","3,37M","1,83%"
"22.08.2022","349,60","344,40","349,60","343,60","1,99M","1,39%"
"19.08.2022","344,80","346,40","347,15","343,15","1,07M","-0,46%"
"18.08.2022","346,40","344,00","347,45","341,60","1,57M","0,67%"
"17.08.2022","344,10","348,95","351,00","342,85","2,33M","-1,12%"
"16.08.2022","348,00","337,00","349,45","335,65","4,04M","3,60%"
"15.08.2022","335,90","336,00","338,00","332,55","1,57M","-0,09%"
"12.08.2022","336,20","332,80","337,30","330,65","1,39M","0,96%"
"11.08.2022","333,00","341,10","342,80","333,00","2,54M","-1,91%"
"10.08.2022","339,50","339,95","340,70","335,00","2,10M","-0,04%"
"09.08.2022","339,65","327,35","340,30","324,10","2,74M","3,76%"
"08.08.2022","327,35","331,50","332,70","324,25","2,68M","1,44%"
"05.08.2022","322,70","325,25","327,00","316,10","3,26M","-0,59%"
"04.08.2022","324,60","330,15","330,30","323,00","2,36M","-1,71%"
"03.08.2022","330,25","337,00","338,95","329,00","2,72M","-1,65%"
"02.08.2022","335,80","346,25","347,95","334,00","3,34M","-3,51%"
"01.08.2022","348,00","354,40","354,45","345,40","4,27M","-1,42%"
"29.07.2022","353,00","343,00","354,55","341,70","4,18M","2,53%"
"28.07.2022","344,30","349,45","351,65","340,20","2,28M","-1,26%"
"27.07.2022","348,70","347,00","352,50","345,05","2,83M","0,49%"
"26.07.2022","347,00","339,50","347,00","338,05","2,85M","3,09%"
"25.07.2022","336,60","338,80","342,20","335,00","2,02M","-1,00%"
"22.07.2022","340,00","329,40","341,45","328,50","3,93M","3,60%"
"21.07.2022","328,20","330,15","332,90","318,55","2,40M","-0,55%"
"20.07.2022","330,00","322,00","333,75","319,65","3,15M","2,88%"
"19.07.2022","320,75","325,95","327,20","316,25","1,95M","-1,61%"
"18.07.2022","326,00","334,10","334,55","322,20","2,78M","-1,36%"
"15.07.2022","330,50","316,80","332,50","314,05","3,85M","4,77%"
"14.07.2022","315,45","320,00","324,75","311,50","3,53M","-1,73%"
"13.07.2022","321,00","334,45","335,45","317,10","3,99M","-3,75%"
"12.07.2022","333,50","342,85","342,90","327,60","3,58M","-3,00%"
"11.07.2022","343,80","352,55","355,90","343,05","2,41M","-2,11%"
"08.07.2022","351,20","343,00","356,50","343,00","5,69M","-3,77%"
"07.07.2022","364,95","370,10","372,80","363,10","3,72M","-1,27%"
"06.07.2022","369,65","371,55","378,70","368,40","2,49M","-0,50%"
"05.07.2022","371,50","372,05","377,15","365,05","2,65M","-0,03%"
"04.07.2022","371,60","376,90","380,35","367,50","2,47M","-0,95%"
"01.07.2022","375,15","391,85","393,70","373,75","6,83M","3,56%"
"30.06.2022","362,25","386,00","387,35","348,05","9,75M","-5,71%"
"29.06.2022","384,20","381,90","386,50","374,25","2,92M","0,62%"
"28.06.2022","381,85","377,00","385,20","373,55","2,96M","1,38%"
"27.06.2022","376,65","377,00","378,75","372,60","1,28M","-0,09%"
"24.06.2022","377,00","377,90","378,70","373,80","1,50M","-0,37%"
"23.06.2022","378,40","378,00","381,85","375,00","2,27M","0,21%"
"22.06.2022","377,60","380,00","380,80","371,05","2,71M","-0,97%"
"21.06.2022","381,30","389,05","391,90","381,10","2,82M","-2,18%"
"20.06.2022","389,80","382,30","389,80","382,10","2,16M","1,39%"
"17.06.2022","384,45","384,00","386,65","379,00","2,40M","0,38%"
"16.06.2022","383,00","376,80","389,80","375,35","5,98M","1,96%"
"15.06.2022","375,65","373,00","376,05","370,40","2,38M","1,09%"
"14.06.2022","371,60","369,60","373,60","366,00","1,52M","0,57%"
"10.06.2022","369,50","372,00","374,60","368,10","1,49M","-1,00%"
"09.06.2022","373,25","377,50","378,30","367,25","1,83M","0,11%"
"08.06.2022","372,85","367,15","375,00","367,00","2,24M","1,72%"
"07.06.2022","366,55","368,80","369,00","362,05","2,15M","-0,61%"
"06.06.2022","368,80","368,70","373,90","364,10","2,85M","0,92%"
"03.06.2022","365,45","369,95","371,45","360,00","2,20M","-0,89%"
"02.06.2022","368,75","375,25","378,70","368,00","2,22M","-1,92%"
"01.06.2022","375,95","374,40","380,35","371,00","1,99M","-0,28%"
"31.05.2022","377,00","385,10","386,70","375,15","2,66M","-2,10%"
"30.05.2022","385,10","407,80","414,50","381,75","6,98M","-4,08%"
"27.05.2022","401,50","393,90","408,30","385,15","6,12M","2,50%"
"26.05.2022","391,70","383,50","392,55","375,70","4,93M","3,62%"
"25.05.2022","378,00","362,00","382,00","356,50","3,71M","5,23%"
"24.05.2022","359,20","366,85","367,00","350,00","3,59M","-2,14%"
"23.05.2022","367,05","384,25","389,00","365,00","2,58M","-4,48%"
"20.05.2022","384,25","400,35","402,70","380,30","2,04M","-3,84%"
"19.05.2022","399,60","403,00","405,95","395,15","911,29K","-1,09%"
"18.05.2022","404,00","397,35","406,00","395,70","2,42M","2,36%"
"17.05.2022","394,70","382,90","395,40","381,10","2,14M","4,20%"
"16.05.2022","378,80","375,00","383,00","374,00","1,39M","1,03%"
"13.05.2022","374,95","379,00","379,00","367,50","954,97K","-0,01%"
"12.05.2022","375,00","391,55","393,25","370,50","2,16M","-4,23%"
"11.05.2022","391,55","393,85","396,35","388,60","989,95K","-0,19%"
"06.05.2022","392,30","395,05","398,40","391,00","832,69K","-1,18%"
"05.05.2022","397,00","397,20","403,05","396,80","870,25K","0,20%"
"04.05.2022","396,20","410,00","414,85","394,60","1,75M","-3,13%"
"29.04.2022","409,00","397,15","409,90","397,05","2,91M","2,25%"
"28.04.2022","400,00","399,00","404,80","392,15","2,66M","0,52%"
"27.04.2022","397,95","394,25","409,90","390,70","3,43M","1,78%"
"26.04.2022","391,00","389,90","400,95","389,55","3,06M","0,64%"
"25.04.2022","388,50","395,00","397,00","387,75","1,43M","-2,23%"
"22.04.2022","397,35","388,00","407,30","385,70","2,56M","2,41%"
"21.04.2022","388,00","393,30","398,70","385,05","1,85M","-0,77%"
"20.04.2022","391,00","388,00","399,30","375,00","2,93M","1,56%"
"19.04.2022","385,00","384,85","385,25","358,50","3,37M","0,04%"
"18.04.2022","384,85","393,00","395,00","381,55","1,66M","-1,45%"
"15.04.2022","390,50","392,45","395,95","380,00","1,79M","-0,13%"
"14.04.2022","391,00","406,05","407,50","390,75","1,86M","-3,71%"
"13.04.2022","406,05","413,20","417,50","401,55","1,90M","-1,47%"
"12.04.2022","412,10","416,90","424,00","392,00","3,11M","-0,46%"
"11.04.2022","414,00","403,30","427,95","399,05","5,48M","2,72%"
"08.04.2022","403,05","409,50","416,00","395,35","2,30M","-1,33%"
"07.04.2022","408,50","406,95","414,00","402,00","3,65M","0,86%"
"06.04.2022","405,00","416,10","429,40","402,00","3,84M","-3,34%"
"05.04.2022","419,00","445,50","451,15","391,45","5,78M","-5,61%"
"04.04.2022","443,90","450,25","478,00","432,00","5,22M","-1,36%"
"01.04.2022","450,00","441,00","484,00","430,35","6,25M","2,86%"
"31.03.2022","437,50","393,00","440,00","387,15","7,61M","13,05%"
"30.03.2022","387,00","390,00","392,00","375,00","2,29M","4,59%"
"29.03.2022","370,00","363,90","417,95","348,20","6,44M","3,37%"
"28.03.2022","357,95","355,00","369,00","341,20","2,65M","-1,96%"
"25.03.2022","365,10","370,00","384,20","346,50","9,97M","1,36%"
"24.03.2022","360,20","312,00","375,00","308,00","18,41M","16,97%"
"25.02.2022","307,95","283,00","318,55","280,25","34,25M","12,10%"
"24.02.2022","274,70","388,35","388,35","175,50","70,97M","-36,31%"
"22.02.2022","431,30","438,65","457,00","395,80","79,55M","-1,69%"
"21.02.2022","438,70","518,00","533,75","387,65","59,64M","-15,55%"
"18.02.2022","519,50","550,05","556,10","513,15","17,36M","-5,46%"
"17.02.2022","549,50","570,00","571,80","541,05","13,82M","-3,86%"
"16.02.2022","571,55","566,80","575,80","563,85","7,72M","0,99%"
"15.02.2022","565,95","557,75","574,45","555,55","9,42M","1,79%"
"14.02.2022","556,00","547,25","562,45","532,65","11,83M","1,57%"
"11.02.2022","547,40","569,40","572,65","540,00","13,23M","-3,86%"
"10.02.2022","569,40","579,00","580,25","569,00","6,25M","-1,66%"
"09.02.2022","579,00","571,00","582,50","569,05","10,68M","1,57%"
"08.02.2022","570,05","569,85","574,95","563,55","7,77M","0,04%"
"07.02.2022","569,80","570,00","577,70","562,75","5,98M","-0,38%"
"04.02.2022","572,00","570,35","606,75","561,20","23,19M","0,53%"
"03.02.2022","569,00","575,00","575,25","562,70","4,48M","-1,16%"
"02.02.2022","575,70","576,00","580,25","568,90","4,81M","0,27%"
"01.02.2022","574,15","576,95","583,90","570,05","7,30M","-0,49%"
"31.01.2022","576,95","568,00","579,90","566,25","7,02M","1,84%"
"28.01.2022","566,50","568,80","574,85","556,10","11,51M","0,59%"
"27.01.2022","563,20","530,00","578,00","526,10","16,90M","5,72%"
"26.01.2022","532,75","548,00","550,50","525,55","18,08M","-2,85%"
"25.01.2022","548,40","545,00","556,00","522,70","15,17M","0,27%"
"24.01.2022","546,90","564,45","566,80","523,95","16,39M","-3,17%"
"21.01.2022","564,80","556,50","579,20","553,00","12,08M","0,55%"
"20.01.2022","561,70","569,05","581,00","552,30","10,20M","-0,92%"
"19.01.2022","566,90","537,00","575,40","523,10","19,05M","4,06%"
"18.01.2022","544,80","592,65","598,70","525,10","28,06M","-8,06%"
"17.01.2022","592,55","605,00","614,00","578,05","10,48M","-2,14%"
"14.01.2022","605,50","602,35","611,00","580,50","11,07M","0,36%"
"13.01.2022","603,30","625,65","627,30","596,20","10,21M","-3,89%"
"12.01.2022","627,70","615,00","630,60","609,25","7,17M","2,30%"
"11.01.2022","613,60","602,05","615,90","597,20","5,42M","1,93%"
"10.01.2022","602,00","604,00","609,55","595,10","5,05M","0,07%"
"06.01.2022","601,60","588,30","605,25","580,60","6,60M","1,91%"
"05.01.2022","590,30","612,20","616,20","582,80","4,25M","-3,78%"
"04.01.2022","613,50","610,90","617,00","605,55","2,37M","0,42%"
"03.01.2022","610,95","599,90","614,35","598,80","3,16M","1,99%"
"30.12.2021","599,00","592,00","601,60","589,10","3,43M","1,18%"
"29.12.2021","592,00","596,65","600,00","586,30","4,52M","-0,70%"
"28.12.2021","596,20","581,20","599,10","581,20","5,29M","2,44%"
"27.12.2021","582,00","573,00","582,50","571,40","3,26M","1,74%"
"24.12.2021","572,05","578,90","579,75","564,15","2,33M","-1,22%"
"23.12.2021","579,10","582,95","583,00","571,15","3,64M","-0,10%"
"22.12.2021","579,70","574,95","582,20","570,55","5,36M","0,82%"
"21.12.2021","575,00","570,90","576,30","567,70","3,34M","1,31%"
"20.12.2021","567,55","567,70","569,00","555,45","3,79M","-0,99%"
"17.12.2021","573,20","573,00","575,00","563,05","4,60M","0,03%"
"16.12.2021","573,00","564,00","579,65","561,95","7,11M","2,12%"
"15.12.2021","561,10","551,00","561,90","547,00","4,99M","1,86%"
"14.12.2021","550,85","538,70","557,95","503,15","9,99M","2,17%"
"13.12.2021","539,15","573,40","577,85","536,60","8,62M","-5,76%"
"10.12.2021","572,10","578,40","579,45","570,05","2,67M","-1,08%"
"09.12.2021","578,35","576,00","580,30","570,00","4,30M","0,59%"
"08.12.2021","574,95","591,00","595,15","569,00","8,78M","-2,48%"
"07.12.2021","589,55","575,95","591,20","571,00","7,75M","2,43%"
"06.12.2021","575,55","580,00","582,00","568,60","3,72M","-0,17%"
"03.12.2021","576,55","584,00","584,45","573,00","5,53M","-0,94%"
"02.12.2021","582,00","571,95","583,70","567,20","10,19M","2,11%"
"01.12.2021","569,95","573,35","582,00","568,00","6,60M","0,68%"
"30.11.2021","566,10","565,00","573,25","557,00","10,59M","-1,25%"
"29.11.2021","573,25","567,00","579,00","559,40","7,69M","3,26%"
"26.11.2021","555,15","578,55","578,55","555,00","9,21M","-6,05%"
"25.11.2021","590,90","598,00","602,45","587,15","3,09M","-1,07%"
"24.11.2021","597,30","604,30","605,00","586,20","5,43M","-0,77%"
"23.11.2021","601,95","578,45","603,00","570,00","12,19M","3,61%"
"22.11.2021","581,00","589,75","593,05","572,25","12,36M","-1,61%"
"19.11.2021","590,50","617,80","618,30","590,00","8,02M","-3,84%"
"18.11.2021","614,10","618,05","621,95","610,25","4,67M","-0,87%"
"17.11.2021","619,50","621,00","626,70","618,55","4,42M","-0,30%"
"16.11.2021","621,35","625,10","629,45","617,00","3,81M","-0,03%"
"15.11.2021","621,55","617,80","629,40","614,45","3,98M","0,38%"
"12.11.2021","619,20","633,60","637,40","611,40","7,94M","-2,41%"
"11.11.2021","634,50","631,00","636,25","623,25","5,64M","0,75%"
"10.11.2021","629,80","638,00","642,50","627,00","5,31M","-1,04%"
"09.11.2021","636,40","632,50","637,95","629,30","4,36M","0,74%"
"08.11.2021","631,70","633,05","636,50","628,35","5,02M","0,87%"
"05.11.2021","626,25","612,95","626,75","605,20","4,56M","1,05%"
"03.11.2021","619,75","627,10","627,95","615,45","5,04M","-1,66%"
"02.11.2021","630,20","643,00","646,30","628,55","5,48M","-1,82%"
"01.11.2021","641,90","637,30","643,25","633,00","3,59M","0,91%"
"29.10.2021","636,10","640,05","643,00","628,40","4,39M","-0,80%"
"28.10.2021","641,25","637,75","642,00","622,35","8,15M","0,45%"
"27.10.2021","638,40","646,50","649,90","637,55","6,34M","-1,91%"
"26.10.2021","650,80","655,45","665,70","649,30","8,83M","-0,65%"
"25.10.2021","655,05","638,85","655,80","631,65","9,40M","3,24%"
"22.10.2021","634,50","630,15","640,45","630,15","3,65M","0,19%"
"21.10.2021","633,30","638,60","644,25","630,00","4,59M","-1,62%"
"20.10.2021","643,70","639,65","644,70","633,50","5,60M","0,11%"
"19.10.2021","643,00","641,00","643,00","634,75","5,67M","0,59%"
"18.10.2021","639,25","646,75","647,65","637,70","5,04M","-0,96%"
"15.10.2021","645,45","644,70","647,90","637,50","6,75M","0,78%"
"14.10.2021","640,45","638,00","650,00","635,20","10,25M","1,20%"
"13.10.2021","632,85","639,00","640,85","614,65","7,49M","-0,91%"
"12.10.2021","638,65","637,50","643,20","633,10","4,95M","-0,45%"
"11.10.2021","641,55","639,05","647,25","637,00","6,91M","1,67%"
"08.10.2021","631,00","633,65","640,00","630,10","8,10M","-2,62%"
"07.10.2021","647,95","647,60","651,85","630,15","11,24M","0,30%"
"06.10.2021","646,00","660,85","663,35","631,60","16,15M","-1,41%"
"05.10.2021","655,25","632,00","656,00","625,65","15,65M","3,73%"
"04.10.2021","631,70","618,45","637,00","602,75","46,39M","2,14%"
"01.10.2021","618,45","611,00","619,80","606,55","5,79M","0,67%"
"30.09.2021","614,35","624,00","626,85","610,10","10,31M","-0,74%"
"29.09.2021","618,90","613,65","623,35","609,30","9,10M","0,17%"
"28.09.2021","617,85","632,35","639,90","613,50","18,39M","-1,59%"
"27.09.2021","627,85","620,00","629,95","617,40","12,98M","2,26%"
"24.09.2021","614,00","598,90","618,00","590,50","12,95M","2,63%"
"23.09.2021","598,25","590,00","599,00","581,40","12,92M","2,09%"
"22.09.2021","586,00","568,30","588,90","567,00","13,36M","3,81%"
"21.09.2021","564,50","562,30","568,50","555,45","9,05M","2,17%"
"20.09.2021","552,50","560,00","562,60","548,00","8,39M","-2,57%"
"17.09.2021","567,10","579,00","580,25","562,05","9,41M","-1,62%"
"16.09.2021","576,45","562,00","584,30","562,00","17,65M","1,47%"
"15.09.2021","568,10","557,00","589,80","557,00","26,55M","1,95%"
"14.09.2021","557,25","560,00","563,50","554,10","7,74M","-0,38%"
"13.09.2021","559,40","544,95","559,50","544,15","4,60M","2,96%"
"10.09.2021","543,30","545,00","549,20","540,20","2,33M","0,26%"
"09.09.2021","541,90","554,15","555,40","541,30","4,39M","-2,52%"
"08.09.2021","555,90","547,50","559,00","541,50","7,05M","1,57%"
"07.09.2021","547,30","552,00","554,40","542,00","3,48M","-0,62%"
"06.09.2021","550,70","554,95","557,15","548,20","3,36M","-0,85%"
"03.09.2021","555,40","551,60","556,90","550,45","5,48M","0,85%"
"02.09.2021","550,70","542,05","556,20","538,10","10,45M","1,69%"
"01.09.2021","541,55","537,10","541,75","534,80","4,96M","1,49%"
"31.08.2021","533,60","540,00","540,40","531,55","5,19M","-1,06%"
"30.08.2021","539,30","539,50","540,95","536,35","2,56M","0,28%"
"27.08.2021","537,80","533,50","538,20","533,10","3,08M","1,15%"
"26.08.2021","531,70","538,00","538,85","531,50","3,98M","-1,26%"
"25.08.2021","538,50","544,50","545,75","536,55","4,32M","-1,19%"
"24.08.2021","545,00","545,90","549,55","539,25","5,43M","0,03%"
"23.08.2021","544,85","538,00","545,45","536,10","3,43M","2,03%"
"20.08.2021","534,00","537,50","538,35","530,10","3,35M","-0,71%"
"19.08.2021","537,80","544,00","547,75","531,45","11,55M","-1,67%"
"18.08.2021","546,95","557,80","559,90","542,25","8,54M","-1,45%"
"17.08.2021","555,00","562,95","563,00","552,90","9,55M","-1,67%"
"16.08.2021","564,40","556,75","567,65","551,50","15,44M","1,05%"
"13.08.2021","558,55","565,40","568,70","555,00","4,78M","-1,30%"
"12.08.2021","565,90","561,45","567,85","557,20","5,49M","0,73%"
"11.08.2021","561,80","564,00","568,40","558,85","4,54M","-0,13%"
"10.08.2021","562,55","547,50","564,10","547,00","7,90M","3,22%"
"09.08.2021","545,00","539,60","548,00","535,25","7,33M","0,02%"
"06.08.2021","544,90","548,95","552,40","544,05","4,44M","-0,57%"
"05.08.2021","548,00","542,50","548,70","538,15","5,51M","0,83%"
"04.08.2021","543,50","551,50","553,20","542,80","4,38M","-1,36%"
"03.08.2021","551,00","547,70","551,00","542,20","3,43M","0,39%"
"02.08.2021","548,85","545,00","550,80","541,25","5,24M","0,80%"
"30.07.2021","544,50","552,40","554,80","539,55","5,24M","-1,71%"
"29.07.2021","554,00","555,70","558,10","550,75","3,64M","-0,05%"
"28.07.2021","554,25","551,00","555,70","550,50","2,44M","0,55%"
"27.07.2021","551,20","551,50","553,90","547,15","1,97M","-0,27%"
"26.07.2021","552,70","546,00","552,90","540,20","3,11M","0,70%"
"23.07.2021","548,85","554,90","556,00","545,20","2,50M","-0,87%"
"22.07.2021","553,65","553,00","556,25","549,35","3,43M","0,32%"
"21.07.2021","551,90","546,50","553,10","543,20","3,75M","0,80%"
"20.07.2021","547,50","547,50","550,60","536,70","5,16M","0,66%"
"19.07.2021","543,90","558,00","559,40","543,25","8,44M","-3,47%"
"16.07.2021","563,45","560,60","570,40","556,85","4,38M","0,17%"
"15.07.2021","562,50","567,00","568,00","556,30","6,02M","-1,14%"
"14.07.2021","569,00","576,00","582,95","568,80","15,59M","-1,22%"
"13.07.2021","576,00","578,60","584,10","573,00","7,73M","-0,52%"
"12.07.2021","579,00","577,00","579,40","570,50","4,53M","0,20%"
"09.07.2021","577,85","581,10","586,75","574,10","16,85M","-0,56%"
"08.07.2021","581,10","579,00","582,00","572,65","13,96M","0,15%"
"07.07.2021","580,25","571,05","583,00","570,00","14,47M","1,62%"
"06.07.2021","571,00","570,00","580,55","565,35","20,64M","0,62%"
"05.07.2021","567,50","567,90","569,90","561,00","3,91M","0,09%"
"02.07.2021","567,00","580,10","585,90","562,85","13,34M","-2,49%"
"01.07.2021","581,45","568,85","586,95","568,85","34,23M","1,79%"
"30.06.2021","571,20","554,90","571,80","551,70","14,69M","3,28%"
"29.06.2021","553,05","554,70","558,75","548,00","5,99M","-0,35%"
"28.06.2021","555,00","564,70","564,95","553,05","7,22M","-1,72%"
"25.06.2021","564,70","566,00","566,40","560,65","3,78M","-0,22%"
"24.06.2021","565,95","570,40","572,90","565,05","15,29M","-0,79%"
"23.06.2021","570,45","553,30","571,40","553,30","19,21M","3,37%"
"22.06.2021","551,85","543,00","553,20","542,05","7,53M","1,97%"
"21.06.2021","541,20","541,95","542,80","534,25","5,19M","0,04%"
"18.06.2021","541,00","537,50","543,40","526,75","11,47M","0,74%"
"17.06.2021","537,00","540,00","543,85","534,00","15,04M","-0,79%"
"16.06.2021","541,25","537,65","545,75","536,45","6,75M","0,97%"
"15.06.2021","536,05","538,85","542,00","532,35","5,53M","-0,29%"
"14.06.2021","537,60","531,60","541,85","530,70","4,30M","0,40%"
"11.06.2021","535,45","539,65","542,10","530,20","8,15M","-0,77%"
"10.06.2021","539,60","548,25","551,70","535,65","13,98M","-1,58%"
"09.06.2021","548,25","552,65","553,40","546,00","7,31M","-0,36%"
"08.06.2021","550,25","551,00","552,25","544,60","8,28M","-0,24%"
"07.06.2021","551,55","554,20","557,50","547,90","7,11M","-0,88%"
"04.06.2021","556,45","560,50","563,25","554,05","8,57M","-0,54%"
"03.06.2021","559,45","555,45","561,90","540,10","15,17M","1,35%"
"02.06.2021","552,00","545,95","552,45","541,60","8,90M","1,47%"
"01.06.2021","544,00","535,20","547,65","533,85","9,96M","2,37%"
"31.05.2021","531,40","525,90","531,65","524,00","2,58M","1,54%"
"28.05.2021","523,35","523,15","525,60","521,00","2,88M","-0,35%"
"27.05.2021","525,20","523,00","525,20","519,80","4,33M","-0,12%"
"26.05.2021","525,85","526,30","532,20","522,20","3,75M","0,29%"
"25.05.2021","524,35","525,50","530,45","523,20","3,54M","0,08%"
"24.05.2021","523,95","526,80","531,40","519,30","3,16M","-0,30%"
"21.05.2021","525,55","516,80","528,55","515,30","5,37M","1,59%"
"20.05.2021","517,35","529,50","529,85","514,30","6,59M","-2,29%"
"19.05.2021","529,50","539,70","539,70","526,35","4,95M","-2,03%"
"18.05.2021","540,45","546,25","551,00","538,35","5,98M","-0,93%"
"17.05.2021","545,55","546,95","546,95","535,90","3,86M","-0,02%"
"14.05.2021","545,65","552,00","553,70","541,20","4,10M","-0,79%"
"13.05.2021","550,00","540,50","552,00","539,50","6,45M","1,44%"
"12.05.2021","542,20","532,90","551,30","529,85","8,52M","1,92%"
"11.05.2021","532,00","540,00","541,60","528,60","5,23M","-1,84%"
"10.05.2021","541,95","537,45","547,50","533,55","5,10M","1,07%"
"07.05.2021","536,20","540,00","541,65","533,25","3,17M","-0,44%"
"06.05.2021","538,55","540,50","542,80","534,20","4,54M","-0,02%"
"05.05.2021","538,65","540,00","546,80","537,05","6,09M","0,28%"
"04.05.2021","537,15","526,90","538,15","526,30","5,11M","2,28%"
"30.04.2021","525,20","528,00","529,70","521,55","5,13M","-0,67%"
"29.04.2021","528,75","530,00","536,10","526,05","6,34M","0,15%"
"28.04.2021","527,95","529,00","529,75","522,10","4,58M","-0,01%"
"27.04.2021","528,00","531,00","533,70","524,50","4,25M","-0,49%"
"26.04.2021","530,60","537,10","537,85","527,50","5,75M","-1,47%"
"23.04.2021","538,50","543,00","544,80","533,95","5,10M","-0,57%"
"22.04.2021","541,60","547,00","547,00","536,60","5,87M","-0,75%"
"21.04.2021","545,70","540,65","547,35","538,65","2,82M","0,86%"
"20.04.2021","541,05","549,90","553,90","537,50","5,47M","-1,28%"
"19.04.2021","548,05","552,05","554,70","546,05","3,37M","-1,26%"
"16.04.2021","555,05","560,10","561,40","549,20","4,00M","-0,26%"
"15.04.2021","556,50","548,70","562,60","545,40","6,29M","0,80%"
"14.04.2021","552,10","556,00","556,10","546,25","5,67M","0,03%"
"13.04.2021","551,95","541,25","552,25","534,55","4,89M","2,18%"
"12.04.2021","540,15","535,00","541,35","532,50","6,15M","0,40%"
"09.04.2021","538,00","547,55","548,70","536,05","6,28M","-2,06%"
"08.04.2021","549,30","549,90","554,80","545,15","4,64M","-0,40%"
"07.04.2021","551,50","547,50","555,55","543,25","6,16M","0,72%"
"06.04.2021","547,55","562,25","563,15","545,45","5,96M","-2,25%"
"05.04.2021","560,15","567,50","567,75","557,25","3,14M","-1,15%"
"02.04.2021","566,65","568,90","569,90","565,60","1,03M","-0,40%"
"01.04.2021","568,90","574,10","576,75","561,40","11,61M","-0,65%"
"31.03.2021","572,60","571,15","574,95","567,10","9,09M","0,41%"
"30.03.2021","570,25","576,50","579,20","565,30","6,15M","-0,88%"
"29.03.2021","575,30","579,95","584,25","572,00","8,31M","-1,19%"
"26.03.2021","582,20","576,00","585,15","575,85","10,24M","1,31%"
"25.03.2021","574,65","568,65","574,70","566,45","6,84M","1,16%"
"24.03.2021","568,05","566,60","577,00","564,25","7,81M","0,52%"
"23.03.2021","565,10","560,20","573,45","556,55","8,31M","0,44%"
"22.03.2021","562,65","558,40","566,90","555,55","7,50M","0,42%"
"19.03.2021","560,30","543,00","560,95","541,60","9,33M","2,99%"
"18.03.2021","544,05","556,00","559,50","541,00","12,38M","-2,12%"
"17.03.2021","555,85","570,00","574,10","551,25","15,27M","-2,69%"
"16.03.2021","571,20","574,65","577,95","559,30","17,70M","-0,90%"
"15.03.2021","576,40","573,15","580,75","572,00","9,94M","0,73%"
"12.03.2021","572,25","572,75","574,70","566,40","5,96M","0,04%"
"11.03.2021","572,00","563,05","572,00","563,05","9,57M","1,93%"
"10.03.2021","561,15","568,75","573,50","557,00","9,58M","-1,66%"
"09.03.2021","570,60","559,00","581,45","556,00","14,36M","1,71%"
"05.03.2021","561,00","543,00","561,95","541,55","13,68M","3,87%"
"04.03.2021","540,10","535,10","549,70","533,20","12,46M","1,18%"
"03.03.2021","533,80","528,85","536,45","527,60","5,96M","1,48%"
"02.03.2021","526,00","519,50","529,85","518,85","4,81M","0,36%"
"01.03.2021","524,10","527,55","530,00","521,45","4,88M","0,14%"
"26.02.2021","523,35","525,65","533,20","520,45","10,09M","-1,13%"
"25.02.2021","529,35","519,45","536,35","517,95","13,38M","2,14%"
"24.02.2021","518,25","511,70","518,70","511,15","6,76M","0,44%"
"22.02.2021","516,00","514,00","518,90","509,10","4,53M","0,56%"
"20.02.2021","513,15","512,55","514,00","509,05","909,65K","0,08%"
"19.02.2021","512,75","506,00","515,15","504,00","7,46M","1,16%"
"18.02.2021","506,85","515,00","517,65","505,50","9,70M","-1,61%"
"17.02.2021","515,15","525,00","528,15","505,70","11,45M","-1,99%"
"16.02.2021","525,60","522,45","529,40","520,50","8,71M","0,80%"
"15.02.2021","521,45","513,00","522,45","508,20","8,83M","2,38%"
"12.02.2021","509,35","496,95","509,35","488,60","11,95M","2,53%"
"11.02.2021","496,80","490,25","501,70","488,15","6,68M","1,09%"
"10.02.2021","491,45","497,45","498,25","489,35","5,61M","-0,68%"
"09.02.2021","494,80","503,80","505,00","492,40","6,76M","-1,39%"
"08.02.2021","501,75","496,00","503,25","496,00","7,75M","1,58%"
"05.02.2021","493,95","492,45","496,75","490,35","7,64M","0,97%"
"04.02.2021","489,20","490,35","497,05","484,20","7,94M","-0,15%"
"03.02.2021","489,95","487,75","494,20","482,15","7,56M","1,65%"
"02.02.2021","482,00","481,15","488,80","479,00","10,41M","0,76%"
"01.02.2021","478,35","475,10","478,90","469,50","6,89M","1,13%"
"29.01.2021","473,00","480,45","482,45","472,00","5,56M","-2,15%"
"28.01.2021","483,40","479,85","485,65","475,00","6,06M","0,45%"
"27.01.2021","481,25","495,90","497,90","480,55","9,58M","-2,57%"
"26.01.2021","493,95","492,15","498,25","488,10","4,50M","-0,33%"
"25.01.2021","495,60","494,20","502,80","485,40","7,54M","0,27%"
"22.01.2021","494,25","495,00","495,00","485,00","8,72M","-0,75%"
"21.01.2021","498,00","509,30","512,70","495,65","9,25M","-2,48%"
"20.01.2021","510,65","510,70","514,70","507,55","4,88M","-0,01%"
"19.01.2021","510,70","518,90","524,80","506,65","12,52M","-1,12%"
"18.01.2021","516,50","509,95","519,00","505,25","10,73M","0,84%"
"15.01.2021","512,20","503,00","519,65","498,20","17,89M","1,43%"
"14.01.2021","505,00","485,00","505,65","484,05","15,40M","3,92%"
"13.01.2021","485,95","477,00","493,95","476,25","15,30M","2,43%"
"12.01.2021","474,40","475,00","479,20","466,25","7,08M","0,24%"
"11.01.2021","473,25","474,55","480,10","464,00","8,79M","-1,04%"
"08.01.2021","478,20","465,10","481,00","463,80","12,77M","5,40%"
"06.01.2021","453,70","449,35","454,65","443,70","8,23M","0,97%"
"05.01.2021","449,35","436,00","450,70","433,30","6,73M","3,06%"
"04.01.2021","436,00","435,85","442,60","433,00","6,41M","0,21%"
"30.12.2020","435,10","436,45","438,45","433,40","5,08M","0,12%"
"29.12.2020","434,60","438,30","438,85","430,15","3,30M","-0,24%"
"28.12.2020","435,65","436,25","439,95","434,35","2,02M","-0,14%"
"25.12.2020","436,25","438,00","438,00","433,00","1,04M","-0,02%"
"24.12.2020","436,35","431,20","438,00","429,20","3,41M","1,44%"
"23.12.2020","430,15","430,00","434,50","427,00","5,24M","-0,13%"
"22.12.2020","430,70","419,00","435,45","417,75","7,58M","1,59%"
"21.12.2020","423,95","435,10","437,40","417,45","13,04M","-3,79%"
"18.12.2020","440,65","441,00","443,95","438,90","8,76M","-0,45%"
"17.12.2020","442,65","445,50","447,95","438,80","9,23M","-0,39%"
"16.12.2020","444,40","452,00","456,40","437,50","9,85M","-1,57%"
"15.12.2020","451,50","439,00","451,50","435,85","8,23M","2,20%"
"14.12.2020","441,80","449,95","459,40","438,60","10,35M","-1,22%"
"11.12.2020","447,25","452,00","454,00","445,00","6,78M","-0,81%"
"10.12.2020","450,90","434,90","452,15","434,50","8,12M","3,51%"
"09.12.2020","435,60","432,55","441,75","429,60","7,64M","0,66%"
"08.12.2020","432,75","437,70","438,10","426,70","7,17M","-1,52%"
"07.12.2020","439,45","444,60","445,45","437,55","5,02M","-1,20%"
"04.12.2020","444,80","439,80","447,30","437,00","8,60M","2,17%"
"03.12.2020","435,35","448,50","450,00","428,20","10,75M","-2,99%"
"02.12.2020","448,75","445,55","451,80","439,30","6,81M","0,53%"
"01.12.2020","446,40","448,75","452,30","441,80","7,84M","-0,69%"
"30.11.2020","449,50","457,00","458,00","444,60","9,27M","-2,54%"
"27.11.2020","461,20","465,00","466,40","456,65","6,13M","-0,76%"
"26.11.2020","464,75","473,30","473,80","463,80","5,96M","-1,81%"
"25.11.2020","473,30","473,10","474,80","467,60","6,85M","0,23%"
"24.11.2020","472,20","472,50","474,90","462,30","8,98M","0,55%"
"23.11.2020","469,60","467,30","472,25","463,65","11,21M","1,03%"
"20.11.2020","464,80","450,50","465,00","446,15","13,30M","2,87%"
"19.11.2020","451,85","452,15","454,10","443,05","9,55M","-0,23%"
"18.11.2020","452,90","438,00","460,00","436,25","19,29M","3,20%"
"17.11.2020","438,85","430,90","441,50","419,80","15,12M","1,83%"
"16.11.2020","430,95","425,00","435,45","415,65","13,00M","2,77%"
"13.11.2020","419,35","412,30","419,35","408,55","6,39M","1,71%"
"12.11.2020","412,30","418,00","419,65","410,55","7,72M","-1,68%"
"11.11.2020","419,35","416,40","429,00","415,85","16,14M","1,16%"
"10.11.2020","414,55","395,40","418,85","392,25","11,05M","4,84%"
"09.11.2020","395,40","385,65","405,00","378,15","15,99M","3,41%"
"06.11.2020","382,35","380,25","384,70","378,15","6,42M","-0,01%"
"05.11.2020","382,40","378,30","386,90","372,35","9,37M","2,25%"
"03.11.2020","374,00","360,00","376,80","358,35","8,07M","4,12%"
"02.11.2020","359,20","346,05","359,55","342,10","8,46M","2,69%"
"30.10.2020","349,80","349,00","352,35","343,60","5,73M","-0,91%"
"29.10.2020","353,00","353,10","354,20","345,00","8,02M","0,60%"
"28.10.2020","350,90","371,85","371,85","350,50","9,83M","-5,80%"
"27.10.2020","372,50","375,00","376,90","372,05","3,06M","-0,55%"
"26.10.2020","374,55","376,80","378,00","373,60","2,83M","-1,40%"
"23.10.2020","379,85","381,80","381,80","378,50","2,41M","-0,51%"
"22.10.2020","381,80","382,90","384,85","380,00","2,91M","-0,46%"
"21.10.2020","383,55","384,60","385,30","381,35","2,37M","-0,27%"
"20.10.2020","384,60","380,10","385,50","380,00","2,25M","0,80%"
"19.10.2020","381,55","385,25","385,60","379,50","3,11M","-0,37%"
"16.10.2020","382,95","378,75","384,35","377,95","3,36M","0,72%"
"15.10.2020","380,20","384,20","384,95","379,20","3,62M","-1,35%"
"14.10.2020","385,40","379,00","385,95","376,40","3,02M","1,73%"
"13.10.2020","378,85","384,30","384,50","378,15","2,54M","-1,38%"
"12.10.2020","384,15","386,10","387,15","382,70","4,43M","-0,62%"
"09.10.2020","386,55","393,00","393,00","383,80","3,07M","-1,52%"
"08.10.2020","392,50","390,00","394,20","386,10","4,04M","0,94%"
"07.10.2020","388,85","390,00","392,95","385,45","4,11M","-0,35%"
"06.10.2020","390,20","392,00","395,70","389,85","4,59M","-0,10%"
"05.10.2020","390,60","382,95","390,70","381,25","5,74M","2,67%"
"02.10.2020","380,45","383,50","384,20","378,10","5,01M","-1,30%"
"01.10.2020","385,45","386,85","389,10","382,10","5,61M","0,64%"
"30.09.2020","383,00","382,95","387,95","381,70","3,71M","-0,26%"
"29.09.2020","384,00","386,00","389,40","380,80","4,54M","-0,49%"
"28.09.2020","385,90","382,35","386,45","380,45","3,44M","1,18%"
"25.09.2020","381,40","379,00","381,50","376,95","4,45M","1,25%"
"24.09.2020","376,70","373,20","379,00","369,15","3,90M","1,60%"
"23.09.2020","370,75","375,80","379,55","370,15","3,81M","-1,08%"
"22.09.2020","374,80","367,70","375,70","366,75","4,16M","1,76%"
"21.09.2020","368,30","376,00","376,00","363,40","6,77M","-2,18%"
"18.09.2020","376,50","382,90","384,00","374,50","4,17M","-1,58%"
"17.09.2020","382,55","383,00","384,15","378,65","5,34M","-0,83%"
"16.09.2020","385,75","386,05","389,90","381,80","4,94M","0,12%"
"15.09.2020","385,30","374,00","385,70","373,10","4,05M","2,90%"
"14.09.2020","374,45","372,00","376,90","370,65","3,28M","1,19%"
"11.09.2020","370,05","367,00","371,70","365,50","3,24M","0,86%"
"10.09.2020","366,90","372,05","373,00","365,65","4,26M","-1,32%"
"09.09.2020","371,80","367,70","372,75","367,35","4,60M","1,06%"
"08.09.2020","367,90","370,15","372,65","364,50","5,02M","-0,94%"
"07.09.2020","371,40","370,00","373,40","367,45","3,42M","-0,30%"
"04.09.2020","372,50","365,75","372,80","365,00","5,66M","1,72%"
"03.09.2020","366,20","371,00","372,35","363,30","4,80M","-1,43%"
"02.09.2020","371,50","374,15","377,50","367,30","4,53M","-0,64%"
"01.09.2020","373,90","375,30","375,45","369,80","3,56M","0,19%"
"31.08.2020","373,20","382,00","385,00","371,25","7,52M","-1,96%"
"28.08.2020","380,65","389,90","391,20","378,80","3,50M","-2,31%"
"27.08.2020","389,65","397,95","399,00","388,30","3,89M","-1,97%"
"26.08.2020","397,50","393,05","398,50","391,90","5,66M","1,20%"
"25.08.2020","392,80","389,50","393,45","386,70","5,98M","1,07%"
"24.08.2020","388,65","384,55","388,70","383,25","3,24M","1,53%"
"21.08.2020","382,80","382,05","386,20","377,60","4,10M","0,31%"
"20.08.2020","381,60","385,10","386,30","379,10","5,24M","-1,78%"
"19.08.2020","388,50","392,40","393,25","385,40","3,87M","-0,85%"
"18.08.2020","391,85","388,00","394,30","386,15","5,60M","0,59%"
"17.08.2020","389,55","389,50","393,10","383,20","6,55M","0,41%"
"14.08.2020","387,95","387,50","390,00","382,65","6,09M","0,17%"
"13.08.2020","387,30","379,00","389,70","376,00","10,59M","2,50%"
"12.08.2020","377,85","369,00","379,05","368,55","7,43M","2,90%"
"11.08.2020","367,20","369,00","371,85","366,70","6,20M","-0,29%"
"10.08.2020","368,25","367,95","370,95","366,60","3,34M","0,30%"
"07.08.2020","367,15","367,80","370,50","365,20","4,83M","-0,50%"
"06.08.2020","369,00","365,05","374,85","362,45","6,14M","1,23%"
"05.08.2020","364,50","361,00","365,60","359,00","7,95M","1,31%"
"04.08.2020","359,80","356,50","360,70","355,00","4,72M","0,94%"
"03.08.2020","356,45","356,00","358,35","355,25","3,73M","-0,13%"
"31.07.2020","356,90","356,00","358,20","353,50","4,02M","0,30%"
"30.07.2020","355,85","359,05","359,60","352,60","5,66M","-1,26%"
"29.07.2020","360,40","356,00","360,40","355,45","5,48M","1,41%"
"28.07.2020","355,40","358,95","359,30","355,00","4,09M","-0,80%"
"27.07.2020","358,25","361,00","361,00","356,30","4,49M","-0,42%"
"24.07.2020","359,75","358,20","360,70","357,40","4,49M","-0,07%"
"23.07.2020","360,00","366,00","366,55","358,10","3,23M","-1,29%"
"22.07.2020","364,70","364,00","366,80","362,20","3,39M","0,07%"
"21.07.2020","364,45","362,50","367,75","362,20","5,28M","0,86%"
"20.07.2020","361,35","359,35","361,65","355,90","3,79M","0,42%"
"17.07.2020","359,85","361,00","362,25","358,35","2,15M","-0,35%"
"16.07.2020","361,10","357,00","361,45","355,85","2,85M","0,74%"
"15.07.2020","358,45","355,10","362,95","353,35","8,35M","0,97%"
"14.07.2020","355,00","355,95","355,95","349,05","7,44M","0,01%"
"13.07.2020","354,95","366,00","367,40","354,30","5,01M","-2,49%"
"10.07.2020","364,00","361,05","364,50","356,80","4,24M","-0,07%"
"09.07.2020","364,25","366,85","367,45","360,65","3,95M","-0,52%"
"08.07.2020","366,15","366,00","366,80","362,75","2,85M","0,08%"
"07.07.2020","365,85","366,00","368,80","364,55","3,43M","-0,80%"
"06.07.2020","368,80","367,60","373,65","367,00","5,17M","0,94%"
"03.07.2020","365,35","367,50","368,20","362,95","3,35M","-0,19%"
"02.07.2020","366,05","364,05","367,80","362,50","3,70M","1,17%"
"30.06.2020","361,80","365,60","366,20","359,50","4,14M","-1,01%"
"29.06.2020","365,50","365,50","367,45","361,70","4,33M","-0,42%"
"26.06.2020","367,05","373,05","373,05","366,00","3,59M","-1,20%"
"25.06.2020","371,50","366,95","372,00","362,20","9,32M","-0,56%"
"23.06.2020","373,60","376,90","377,75","372,50","4,26M","-0,55%"
"22.06.2020","375,65","374,55","379,00","370,50","5,86M","-0,13%"
"19.06.2020","376,15","376,15","378,80","373,70","7,04M","0,67%"
"18.06.2020","373,65","371,70","374,50","369,25","5,31M","0,51%"
"17.06.2020","371,75","372,55","376,85","371,05","6,43M","0,09%"
"16.06.2020","371,40","372,15","376,80","370,25","9,21M","1,43%"
"15.06.2020","366,15","368,70","369,05","359,55","12,12M","-2,65%"
"11.06.2020","376,10","382,90","382,90","370,50","15,67M","-6,05%"
"10.06.2020","400,30","401,60","403,75","397,25","8,81M","-0,42%"
"09.06.2020","402,00","403,00","403,90","394,30","10,12M","0,46%"
"08.06.2020","400,15","407,00","408,25","395,00","12,65M","-0,45%"
"05.06.2020","401,95","394,50","402,00","393,00","11,60M","3,05%"
"04.06.2020","390,05","397,00","397,30","387,65","8,82M","-1,74%"
"03.06.2020","396,95","390,20","397,60","388,40","13,93M","2,57%"
"02.06.2020","387,00","380,55","387,00","379,80","13,08M","2,19%"
"01.06.2020","378,70","380,00","387,00","376,35","8,34M","0,66%"
"29.05.2020","376,20","374,05","376,35","370,40","10,71M","-0,33%"
"28.05.2020","377,45","376,80","378,20","372,50","7,37M","0,68%"
"27.05.2020","374,90","373,80","380,00","366,35","12,19M","0,13%"
"26.05.2020","374,40","377,80","380,90","374,40","10,60M","0,12%"
"25.05.2020","373,95","366,50","374,00","366,50","5,29M","2,59%"
"22.05.2020","364,50","359,70","365,90","358,10","13,80M","-0,68%"
"21.05.2020","367,00","378,90","383,35","364,40","20,89M","-3,48%"
"20.05.2020","380,25","374,00","384,45","373,25","14,75M","1,00%"
"19.05.2020","376,50","376,20","383,50","371,55","18,94M","0,39%"
"18.05.2020","375,05","357,50","375,95","355,65","19,90M","7,14%"
"15.05.2020","350,05","351,20","354,75","349,35","9,51M","0,84%"
"14.05.2020","347,15","346,00","349,95","344,55","8,93M","-0,24%"
"13.05.2020","348,00","350,30","353,15","345,85","8,91M","-0,88%"
"12.05.2020","351,10","347,80","355,70","345,20","11,19M","0,89%"
"08.05.2020","348,00","344,05","350,00","340,25","9,55M","1,46%"
"07.05.2020","343,00","337,15","344,55","336,75","12,49M","1,89%"
"06.05.2020","336,65","344,00","344,85","335,00","14,59M","-1,71%"
"05.05.2020","342,50","337,00","343,55","334,00","13,98M","3,47%"
"04.05.2020","331,00","330,55","332,75","325,05","8,83M","-1,39%"
"30.04.2020","335,65","343,25","346,45","330,30","17,15M","-0,68%"
"29.04.2020","337,95","328,00","338,25","326,50","15,37M","3,95%"
"28.04.2020","325,10","320,50","331,30","318,00","17,58M","0,68%"
"27.04.2020","322,90","322,20","327,30","319,30","10,28M","-0,34%"
"24.04.2020","324,00","334,70","334,70","322,50","16,54M","-3,28%"
"23.04.2020","335,00","329,60","336,80","324,10","22,99M","4,05%"
"22.04.2020","321,95","299,10","329,10","299,10","25,01M","5,90%"
"21.04.2020","304,00","299,20","306,95","293,50","25,25M","-1,27%"
"20.04.2020","307,90","310,50","314,50","307,80","12,23M","-1,91%"
"17.04.2020","313,90","312,00","314,75","307,30","14,67M","2,67%"
"16.04.2020","305,75","308,85","314,90","296,25","21,56M","-0,49%"
"15.04.2020","307,25","328,00","328,35","304,05","19,86M","-7,16%"
"14.04.2020","330,95","339,15","342,00","327,40","13,26M","-1,71%"
"13.04.2020","336,70","345,00","346,50","334,40","9,85M","-2,12%"
"10.04.2020","344,00","350,00","350,05","342,15","12,85M","-2,55%"
"09.04.2020","353,00","347,90","355,00","341,50","27,11M","3,37%"
"08.04.2020","341,50","337,00","342,95","335,70","14,04M","0,59%"
"07.04.2020","339,50","350,00","386,95","337,55","28,55M","-1,02%"
"06.04.2020","343,00","348,00","352,00","340,25","18,15M","-0,58%"
"03.04.2020","345,00","344,00","355,00","340,55","37,27M","1,32%"
"02.04.2020","340,50","335,00","354,30","324,65","38,78M","6,07%"
"01.04.2020","321,00","308,00","324,60","304,20","18,36M","2,12%"
"31.03.2020","314,35","305,10","319,75","304,00","25,54M","4,44%"
"30.03.2020","301,00","316,50","325,75","293,55","29,93M","-0,59%"
"27.03.2020","302,80","315,90","322,00","296,30","13,85M","-4,24%"
"26.03.2020","316,20","304,75","319,95","291,00","20,50M","3,76%"
"25.03.2020","304,75","304,50","319,75","287,75","36,68M","2,09%"
"24.03.2020","298,50","300,00","301,25","285,45","22,74M","8,94%"
"23.03.2020","274,00","275,00","276,45","265,15","35,84M","-4,78%"
"20.03.2020","287,75","274,50","299,40","272,00","45,41M","8,83%"
"19.03.2020","264,40","237,00","268,65","230,05","37,67M","12,99%"
"18.03.2020","234,00","244,00","244,75","229,80","19,32M","-6,08%"
"17.03.2020","249,15","260,50","268,00","246,25","19,70M","-3,62%"
"16.03.2020","258,50","266,25","280,00","251,00","31,03M","-2,91%"
"13.03.2020","266,25","261,20","288,65","261,20","44,71M","-4,05%"
"12.03.2020","277,50","300,00","305,00","270,80","29,25M","-11,64%"
"11.03.2020","314,05","332,90","334,40","310,95","20,74M","-3,81%"
"10.03.2020","326,50","353,70","357,40","320,00","38,33M","-16,91%"
"06.03.2020","392,95","406,00","406,95","391,05","12,79M","-4,30%"
"05.03.2020","410,60","417,50","420,00","408,50","8,61M","-1,29%"
"04.03.2020","415,95","403,00","416,55","399,20","9,10M","2,45%"
"03.03.2020","406,00","406,95","411,95","400,50","11,12M","2,92%"
"02.03.2020","394,50","411,00","415,40","389,50","11,87M","-2,21%"
"28.02.2020","403,40","416,00","417,00","398,15","18,91M","-4,42%"
"27.02.2020","422,05","437,00","440,00","420,95","9,70M","-4,88%"
"26.02.2020","443,70","441,75","444,60","431,50","9,70M","-0,03%"
"25.02.2020","443,85","455,05","458,75","442,70","7,41M","-3,88%"
"21.02.2020","461,75","468,10","469,00","461,65","6,01M","-1,84%"
"20.02.2020","470,40","468,00","476,95","465,60","9,03M","1,02%"
"19.02.2020","465,65","455,25","469,00","455,25","10,66M","2,97%"
"18.02.2020","452,20","462,70","466,00","440,70","12,46M","-2,69%"
"17.02.2020","464,70","461,00","464,70","459,70","2,86M","0,91%"
"14.02.2020","460,50","463,00","464,40","456,25","4,93M","-0,54%"
"13.02.2020","463,00","463,20","465,50","458,55","5,20M","-0,60%"
"12.02.2020","465,80","456,70","465,80","455,50","7,41M","2,53%"
"11.02.2020","454,30","454,85","456,70","448,25","7,85M","0,96%"
"10.02.2020","450,00","463,60","463,85","447,80","8,92M","-2,93%"
"07.02.2020","463,60","475,50","476,75","450,55","16,68M","-2,52%"
"06.02.2020","475,60","478,50","480,50","471,00","4,76M","-0,29%"
"05.02.2020","477,00","481,00","481,50","474,40","5,66M","-0,63%"
"04.02.2020","480,00","481,00","483,00","478,35","8,78M","0,01%"
"03.02.2020","479,95","478,70","481,45","476,60","4,69M","-0,11%"
"31.01.2020","480,50","485,00","486,00","478,75","8,60M","-0,15%"
"30.01.2020","481,20","480,95","483,30","477,80","14,60M","-0,10%"
"29.01.2020","481,70","480,50","482,00","475,60","6,31M","0,84%"
"28.01.2020","477,70","472,10","477,70","468,20","5,88M","2,01%"
"27.01.2020","468,30","469,05","473,80","465,80","5,68M","-1,20%"
"24.01.2020","474,00","475,05","478,40","473,50","3,30M","0,19%"
"23.01.2020","473,10","475,00","479,70","470,60","4,19M","-1,06%"
"22.01.2020","478,15","486,25","488,55","476,05","11,72M","-1,65%"
"21.01.2020","486,15","482,55","486,85","479,00","2,93M","0,27%"
"20.01.2020","484,85","488,00","489,90","484,65","3,13M","-0,06%"
"17.01.2020","485,15","482,45","487,20","481,25","4,47M","0,87%"
"16.01.2020","480,95","477,95","481,50","476,70","4,12M","1,36%"
"15.01.2020","474,50","474,70","482,10","469,95","4,60M","-0,21%"
"14.01.2020","475,50","481,15","486,45","472,70","6,55M","-1,17%"
"13.01.2020","481,15","476,65","482,25","472,15","4,81M","1,62%"
"10.01.2020","473,50","459,90","475,65","456,85","6,70M","2,89%"
"09.01.2020","460,20","452,40","460,95","450,70","4,98M","1,81%"
"08.01.2020","452,00","456,00","462,70","451,45","9,25M","-0,79%"
"06.01.2020","455,60","459,00","460,40","453,40","6,83M","-0,28%"
"03.01.2020","456,90","453,75","458,65","453,35","4,38M","1,60%"
"30.12.2019","449,70","453,40","453,95","449,50","3,26M","-0,84%"
"27.12.2019","453,50","453,50","455,40","453,20","2,78M","0,22%"
"26.12.2019","452,50","455,70","455,75","452,50","1,79M","-0,33%"
"25.12.2019","454,00","452,00","455,30","451,90","1,65M","0,58%"
"24.12.2019","451,40","451,00","453,20","450,50","1,57M","0,09%"
"23.12.2019","451,00","451,70","454,10","449,00","3,00M","-0,17%"
"20.12.2019","451,75","452,45","453,20","446,50","5,24M","0,00%"
"19.12.2019","451,75","454,50","456,85","449,00","5,10M","-0,59%"
"18.12.2019","454,45","453,00","456,45","451,55","4,39M","0,09%"
"17.12.2019","454,05","449,95","455,00","449,20","5,22M","1,25%"
"16.12.2019","448,45","450,80","452,65","448,00","3,60M","-0,59%"
"13.12.2019","451,10","456,15","457,35","450,25","4,59M","-0,38%"
"12.12.2019","452,80","453,30","458,75","451,60","5,51M","0,24%"
"11.12.2019","451,70","449,45","455,85","448,75","3,94M","0,63%"
"10.12.2019","448,85","448,80","451,90","445,50","2,59M","-0,03%"
"09.12.2019","449,00","448,00","450,50","445,20","2,01M","0,67%"
"06.12.2019","446,00","438,40","448,35","436,60","2,85M","1,73%"
"05.12.2019","438,40","441,00","443,75","435,25","2,93M","-0,85%"
"04.12.2019","442,15","433,40","444,15","427,60","3,55M","2,11%"
"03.12.2019","433,00","434,20","439,55","432,50","2,85M","-0,56%"
"02.12.2019","435,45","443,40","443,95","435,40","3,24M","-1,26%"
"29.11.2019","441,00","444,60","444,60","440,30","2,91M","-1,01%"
"28.11.2019","445,50","445,45","447,20","442,50","2,22M","-0,09%"
"27.11.2019","445,90","452,00","452,85","445,10","3,60M","-1,57%"
"26.11.2019","453,00","455,60","456,35","445,10","6,26M","-0,44%"
"25.11.2019","455,00","455,00","456,50","453,00","1,75M","0,44%"
"22.11.2019","453,00","452,20","457,40","450,80","2,54M","0,03%"
"21.11.2019","452,85","449,80","454,00","445,75","1,95M","0,56%"
"20.11.2019","450,35","450,90","452,50","441,65","4,43M","-0,49%"
"19.11.2019","452,55","451,25","455,00","448,50","2,64M","0,34%"
"18.11.2019","451,00","459,60","461,50","450,10","3,03M","-1,53%"
"15.11.2019","458,00","457,30","460,70","453,70","3,00M","0,15%"
"14.11.2019","457,30","459,20","460,20","451,70","4,48M","-0,48%"
"13.11.2019","459,50","458,10","461,45","455,10","3,55M","-0,34%"
"12.11.2019","461,05","454,00","468,30","453,20","7,24M","1,78%"
"11.11.2019","453,00","453,05","453,85","446,40","3,22M","-0,28%"
"08.11.2019","454,25","462,00","462,85","453,65","4,17M","-2,00%"
"07.11.2019","463,50","452,00","464,70","450,45","5,96M","1,98%"
"06.11.2019","454,50","452,05","454,50","443,35","9,04M","0,69%"
"05.11.2019","451,40","437,80","453,45","434,45","8,68M","3,91%"
"01.11.2019","434,40","426,50","435,40","424,00","5,00M","1,97%"
"31.10.2019","426,00","432,50","435,50","426,00","3,48M","-1,54%"
"30.10.2019","432,65","428,75","433,50","425,70","4,62M","0,80%"
"29.10.2019","429,20","421,40","430,45","419,10","5,71M","1,85%"
"28.10.2019","421,40","422,20","424,30","420,00","2,12M","0,01%"
"25.10.2019","421,35","421,00","422,35","417,70","2,47M","0,20%"
"24.10.2019","420,50","420,00","422,50","419,30","4,00M","0,12%"
"23.10.2019","420,00","415,90","420,75","415,20","4,11M","0,62%"
"22.10.2019","417,40","413,45","417,40","412,55","3,48M","0,88%"
"21.10.2019","413,75","415,00","415,50","411,50","2,60M","-0,30%"
"18.10.2019","415,00","417,65","417,70","414,15","1,75M","-0,63%"
"17.10.2019","417,65","414,90","418,60","413,20","2,95M","0,65%"
"16.10.2019","414,95","413,00","415,50","410,30","3,09M","0,80%"
"15.10.2019","411,65","412,45","413,60","411,10","2,03M","-0,42%"
"14.10.2019","413,40","411,65","414,00","410,25","1,96M","0,43%"
"11.10.2019","411,65","410,75","412,70","409,60","3,58M","0,65%"
"10.10.2019","409,00","409,95","411,60","407,05","5,09M","-2,88%"
"09.10.2019","421,15","420,35","422,00","419,30","2,80M","0,39%"
"08.10.2019","419,50","418,85","421,90","418,60","2,64M","0,24%"
"07.10.2019","418,50","416,70","422,90","414,55","3,43M","0,84%"
"04.10.2019","415,00","415,30","419,20","413,10","2,91M","0,46%"
"03.10.2019","413,10","416,75","417,80","410,70","3,80M","-1,07%"
"02.10.2019","417,55","420,65","422,25","415,80","3,42M","-0,74%"
"01.10.2019","420,65","420,35","423,25","419,90","2,43M","0,32%"
"30.09.2019","419,30","422,20","422,50","419,30","2,33M","-0,76%"
"27.09.2019","422,50","422,50","424,75","422,20","1,73M","-0,01%"
"26.09.2019","422,55","424,55","425,95","422,05","2,12M","-0,46%"
"25.09.2019","424,50","424,40","424,65","421,85","3,85M","-0,24%"
"24.09.2019","425,50","431,05","431,50","423,60","4,07M","-0,76%"
"23.09.2019","428,75","428,30","430,00","423,70","4,89M","0,11%"
"20.09.2019","428,30","426,80","428,30","425,05","3,07M","0,30%"
"19.09.2019","427,00","425,00","428,80","424,55","4,78M","0,23%"
"18.09.2019","426,00","428,50","429,70","423,50","4,41M","-0,49%"
"17.09.2019","428,10","431,85","440,90","424,00","15,59M","-0,37%"
"16.09.2019","429,70","418,50","431,30","415,05","17,57M","4,79%"
"13.09.2019","410,05","412,00","412,80","408,85","2,43M","-0,49%"
"12.09.2019","412,05","416,15","417,30","409,40","5,52M","-0,97%"
"11.09.2019","416,10","417,10","419,45","413,65","3,56M","-0,45%"
"10.09.2019","418,00","423,80","423,85","416,15","4,49M","-1,39%"
"09.09.2019","423,90","424,00","424,45","420,70","2,42M","0,24%"
"06.09.2019","422,90","418,05","422,90","415,90","3,78M","1,10%"
"05.09.2019","418,30","416,50","420,55","414,65","4,87M","0,88%"
"04.09.2019","414,65","411,50","415,90","411,35","4,09M","1,04%"
"03.09.2019","410,40","411,85","412,00","406,95","3,65M","-0,39%"
"02.09.2019","412,00","407,00","413,20","406,00","5,19M","1,24%"
"30.08.2019","406,95","406,45","409,35","405,70","3,44M","0,17%"
"29.08.2019","406,25","405,00","408,00","404,80","3,32M","0,36%"
"28.08.2019","404,80","406,45","406,80","403,80","3,73M","-0,42%"
"27.08.2019","406,50","406,50","406,50","403,10","4,85M","0,20%"
"26.08.2019","405,70","403,00","406,95","402,95","1,69M","0,02%"
"23.08.2019","405,60","407,30","408,35","404,40","3,17M","-0,10%"
"22.08.2019","406,00","410,40","411,65","406,00","3,21M","-1,07%"
"21.08.2019","410,40","416,95","416,95","410,00","5,20M","0,61%"
"20.08.2019","407,90","405,45","409,95","404,75","4,48M","0,97%"
"19.08.2019","404,00","406,45","407,85","402,30","4,33M","-0,19%"
"16.08.2019","404,75","405,55","406,80","404,00","2,54M","0,12%"
"15.08.2019","404,25","402,20","405,20","400,05","3,26M","1,02%"
"14.08.2019","400,15","406,00","407,00","397,70","5,31M","-1,27%"
"13.08.2019","405,30","402,40","408,45","400,70","3,68M","0,72%"
"12.08.2019","402,40","405,00","407,30","401,40","3,54M","-0,54%"
"09.08.2019","404,60","407,50","407,95","404,30","2,51M","-0,49%"
"08.08.2019","406,60","408,10","409,60","406,60","2,69M","0,01%"
"07.08.2019","406,55","411,05","411,45","405,35","4,89M","-1,32%"
"06.08.2019","412,00","407,05","412,35","406,55","4,03M","1,40%"
"05.08.2019","406,30","411,50","413,85","405,70","4,65M","-1,32%"
"02.08.2019","411,75","416,90","418,00","411,75","4,97M","-1,82%"
"01.08.2019","419,40","419,50","421,10","417,20","1,58M","-0,60%"
"31.07.2019","421,95","420,50","422,70","418,70","1,66M","0,36%"
"30.07.2019","420,45","422,80","423,10","418,15","1,12M","-0,34%"
"29.07.2019","421,90","424,10","425,50","420,05","1,38M","-0,38%"
"26.07.2019","423,50","428,95","429,85","423,50","2,32M","-1,27%"
"25.07.2019","428,95","428,45","429,45","425,60","2,18M","0,32%"
"24.07.2019","427,60","428,60","429,85","426,10","1,61M","-0,09%"
"23.07.2019","428,00","420,75","431,15","420,60","3,62M","1,80%"
"22.07.2019","420,45","416,00","423,95","415,25","1,60M","0,00%"
"19.07.2019","420,45","418,75","420,65","418,10","1,18M","0,83%"
"18.07.2019","417,00","420,35","421,25","416,70","1,91M","-0,97%"
"17.07.2019","421,10","418,55","421,10","416,50","2,40M","0,17%"
"16.07.2019","420,40","417,90","420,80","417,85","1,18M","0,48%"
"15.07.2019","418,40","421,30","422,30","418,20","1,29M","-0,20%"
"12.07.2019","419,25","418,40","421,30","415,05","2,00M","0,20%"
"11.07.2019","418,40","425,10","425,10","417,30","2,99M","-1,15%"
"10.07.2019","423,25","421,75","425,90","419,20","3,32M","0,55%"
"09.07.2019","420,95","419,10","424,50","419,10","2,21M","0,41%"
"08.07.2019","419,25","417,95","421,90","417,20","2,71M","0,14%"
"05.07.2019","418,65","422,90","424,55","416,30","3,42M","-0,92%"
"04.07.2019","422,55","421,80","422,85","417,85","1,74M","0,61%"
"03.07.2019","420,00","416,90","422,20","414,75","2,70M","0,72%"
"02.07.2019","417,00","417,85","420,15","415,10","2,10M","-0,19%"
"01.07.2019","417,80","417,50","422,80","416,30","4,09M","0,80%"
"28.06.2019","414,50","415,00","415,50","412,60","1,94M","-0,14%"
"27.06.2019","415,10","417,05","418,40","412,75","2,67M","-0,19%"
"26.06.2019","415,90","413,10","417,80","412,55","3,64M","0,91%"
"25.06.2019","412,15","415,00","415,60","410,40","2,61M","-1,03%"
"24.06.2019","416,45","419,00","420,75","415,50","2,98M","-0,63%"
"21.06.2019","419,10","419,20","420,00","414,55","5,27M","-0,15%"
"20.06.2019","419,75","411,10","419,75","409,45","8,96M","2,57%"
"19.06.2019","409,25","411,95","412,75","408,00","3,49M","-0,60%"
"18.06.2019","411,70","408,50","411,70","407,10","4,62M","0,88%"
"17.06.2019","408,10","409,55","415,00","407,80","5,22M","0,02%"
"14.06.2019","408,00","414,80","416,65","408,00","6,85M","-3,32%"
"13.06.2019","422,00","421,35","425,60","420,15","4,95M","-0,21%"
"11.06.2019","422,90","421,95","425,50","420,75","3,84M","0,21%"
"10.06.2019","422,00","421,70","424,25","420,10","2,62M","0,58%"
"07.06.2019","419,55","425,40","426,55","419,30","5,21M","-0,79%"
"06.06.2019","422,90","427,00","428,40","419,60","4,40M","-0,77%"
"05.06.2019","426,20","436,00","436,00","425,65","2,89M","-2,02%"
"04.06.2019","435,00","438,30","445,05","433,50","6,01M","-0,89%"
"03.06.2019","438,90","428,00","438,90","424,35","6,04M","1,36%"
"31.05.2019","433,00","436,50","438,10","428,30","4,37M","-1,37%"
"30.05.2019","439,00","440,00","440,95","437,00","3,44M","0,46%"
"29.05.2019","437,00","429,00","437,00","426,80","4,76M","1,20%"
"28.05.2019","431,80","423,90","435,75","423,90","7,56M","1,50%"
"27.05.2019","425,40","422,00","426,55","422,00","740,78K","0,57%"
"24.05.2019","423,00","418,10","427,85","417,30","3,38M","1,43%"
"23.05.2019","417,05","413,65","420,00","411,80","3,87M","0,74%"
"22.05.2019","414,00","416,50","420,35","413,60","3,10M","-0,47%"
"21.05.2019","415,95","409,35","420,00","408,00","3,93M","1,90%"
"20.05.2019","408,20","414,40","415,45","408,10","2,27M","-1,16%"
"17.05.2019","413,00","411,00","415,60","410,60","2,42M","0,24%"
"16.05.2019","412,00","413,70","415,40","410,60","3,76M","-0,41%"
"15.05.2019","413,70","421,85","421,85","413,10","3,83M","-1,72%"
"14.05.2019","420,95","420,00","422,80","419,55","3,20M","0,90%"
"13.05.2019","417,20","415,00","423,05","414,25","3,86M","0,83%"
"10.05.2019","413,75","420,00","423,15","413,55","2,17M","-1,58%"
"08.05.2019","420,40","421,50","423,80","418,05","2,25M","-0,38%"
"07.05.2019","422,00","426,75","427,25","416,90","2,87M","-0,71%"
"06.05.2019","425,00","421,20","425,40","418,00","1,44M","0,34%"
"03.05.2019","423,55","425,15","427,60","421,80","1,61M","0,07%"
"02.05.2019","423,25","427,75","427,80","421,80","3,00M","-1,29%"
"30.04.2019","428,80","433,95","434,40","426,80","3,58M","-1,13%"
"29.04.2019","433,70","433,00","435,75","429,50","1,59M","-0,17%"
"26.04.2019","434,45","435,10","435,35","428,05","3,70M","-0,36%"
"25.04.2019","436,00","441,00","441,20","432,95","3,59M","-1,20%"
"24.04.2019","441,30","442,00","442,00","436,70","3,29M","0,07%"
"23.04.2019","441,00","440,95","449,00","437,70","5,91M","0,32%"
"22.04.2019","439,60","434,75","440,95","432,95","2,39M","1,76%"
"19.04.2019","432,00","437,00","437,00","431,10","1,17M","-0,84%"
"18.04.2019","435,65","435,65","437,75","432,55","2,38M","-0,19%"
"17.04.2019","436,50","437,40","441,00","435,75","3,57M","0,31%"
"16.04.2019","435,15","430,00","436,70","428,55","5,17M","1,46%"
"15.04.2019","428,90","432,00","434,90","426,40","2,86M","-0,83%"
"12.04.2019","432,50","433,00","437,25","430,00","3,76M","0,35%"
"11.04.2019","431,00","425,50","436,25","424,00","5,98M","1,29%"
"10.04.2019","425,50","415,05","425,50","413,85","3,23M","2,31%"
"09.04.2019","415,90","422,00","423,85","413,60","4,28M","-1,19%"
"08.04.2019","420,90","423,00","425,40","418,20","2,95M","-0,14%"
"05.04.2019","421,50","422,85","425,75","421,10","2,54M","-0,22%"
"04.04.2019","422,45","418,10","423,75","416,95","2,64M","1,08%"
"03.04.2019","417,95","419,50","421,70","417,30","2,23M","-0,01%"
"02.04.2019","418,00","420,00","423,20","416,60","2,47M","-0,41%"
"01.04.2019","419,70","413,00","421,25","411,90","5,03M","1,87%"
"29.03.2019","412,00","407,75","412,90","406,05","4,65M","1,10%"
"28.03.2019","407,50","404,55","409,30","404,00","1,84M","0,78%"
"27.03.2019","404,35","405,55","408,00","402,55","2,75M","-0,21%"
"26.03.2019","405,20","404,00","409,70","402,15","2,01M","0,24%"
"25.03.2019","404,25","405,95","405,95","400,00","3,31M","-1,02%"
"22.03.2019","408,40","409,90","410,70","405,70","2,43M","-0,27%"
"21.03.2019","409,50","408,00","410,45","405,65","5,26M","0,24%"
"20.03.2019","408,50","399,45","408,50","396,80","4,05M","2,38%"
"19.03.2019","399,00","399,00","399,85","396,80","1,93M","0,00%"
"18.03.2019","399,00","399,70","399,70","396,20","2,67M","-0,56%"
"15.03.2019","401,25","401,00","402,50","397,40","3,60M","0,74%"
"14.03.2019","398,30","400,30","407,80","398,30","5,18M","-0,43%"
"13.03.2019","400,00","397,50","400,10","395,60","2,55M","0,63%"
"12.03.2019","397,50","400,00","400,35","395,00","3,28M","-0,56%"
"11.03.2019","399,75","401,90","401,95","397,55","1,87M","-0,56%"
"07.03.2019","402,00","402,00","402,85","398,70","2,35M","-0,07%"
"06.03.2019","402,30","397,15","403,00","394,55","2,70M","1,62%"
"05.03.2019","395,90","397,00","399,55","395,90","1,87M","-0,54%"
"04.03.2019","398,05","399,40","400,50","396,95","1,58M","-0,05%"
"01.03.2019","398,25","399,90","400,95","396,00","1,81M","-0,14%"
"28.02.2019","398,80","398,85","400,95","395,50","2,30M","-0,40%"
"27.02.2019","400,40","400,00","401,00","397,65","3,54M","0,35%"
"26.02.2019","399,00","394,95","399,40","392,70","3,10M","0,63%"
"25.02.2019","396,50","400,45","404,15","395,15","3,77M","-1,25%"
"22.02.2019","401,50","396,45","402,50","394,40","2,84M","1,27%"
"21.02.2019","396,45","403,30","404,80","395,00","3,21M","-1,60%"
"20.02.2019","402,90","403,15","405,00","400,15","2,78M","-0,01%"
"19.02.2019","402,95","404,80","408,35","399,80","3,37M","-0,51%"
"18.02.2019","405,00","403,55","407,75","398,70","3,51M","0,37%"
"15.02.2019","403,50","397,00","405,35","397,00","4,64M","2,19%"
"14.02.2019","394,85","394,65","399,60","390,75","8,17M","-1,68%"
"13.02.2019","401,60","414,95","416,15","401,50","7,22M","-3,11%"
"12.02.2019","414,50","410,50","417,95","410,20","3,93M","0,97%"
"11.02.2019","410,50","412,00","418,75","410,50","3,47M","-0,27%"
"08.02.2019","411,60","410,95","414,75","408,50","2,34M","0,01%"
"07.02.2019","411,55","420,10","423,90","411,45","3,47M","-2,37%"
"06.02.2019","421,55","429,45","429,45","421,10","4,28M","-1,62%"
"05.02.2019","428,50","411,95","429,75","409,70","10,45M","4,26%"
"04.02.2019","411,00","412,95","414,40","411,00","3,38M","-0,23%"
"01.02.2019","411,95","410,55","414,85","407,00","3,01M","0,17%"
"31.01.2019","411,25","417,50","418,60","411,25","3,43M","-1,09%"
"30.01.2019","415,80","412,85","417,15","411,15","3,54M","0,70%"
"29.01.2019","412,90","410,00","413,65","406,30","4,41M","0,41%"
"28.01.2019","411,20","412,80","412,90","408,85","3,32M","-0,68%"
"25.01.2019","414,00","408,30","414,30","404,60","4,99M","1,35%"
"24.01.2019","408,50","417,80","417,80","405,60","10,54M","-2,71%"
"23.01.2019","419,90","417,00","421,25","416,20","3,02M","0,72%"
"22.01.2019","416,90","419,80","421,05","413,00","4,54M","-1,28%"
"21.01.2019","422,30","421,10","424,80","418,95","2,61M","0,62%"
"18.01.2019","419,70","419,05","421,95","416,35","4,51M","0,91%"
"17.01.2019","415,90","422,00","422,45","414,20","3,47M","-1,21%"
"16.01.2019","421,00","424,45","426,90","420,00","3,09M","-0,79%"
"15.01.2019","424,35","428,60","431,35","421,30","2,86M","-0,83%"
"14.01.2019","427,90","434,05","434,05","424,85","2,36M","-1,54%"
"11.01.2019","434,60","432,00","435,30","430,20","2,84M","0,58%"
"10.01.2019","432,10","427,75","433,00","424,00","2,49M","1,03%"
"09.01.2019","427,70","425,00","428,90","425,00","2,41M","0,97%"
"08.01.2019","423,60","427,00","427,00","420,65","2,05M","-1,58%"
"04.01.2019","430,40","427,10","439,00","426,20","1,64M","1,07%"
"03.01.2019","425,85","429,15","429,80","422,40","1,53M","-1,54%"
"29.12.2018","432,50","426,70","432,50","421,40","940,94K","1,54%"
"28.12.2018","425,95","423,00","428,25","421,70","2,61M","1,30%"
"27.12.2018","420,50","420,00","421,35","416,35","6,48M","1,45%"
"26.12.2018","414,50","409,10","414,50","409,10","1,06M","1,34%"
"25.12.2018","409,00","411,00","411,30","401,85","1,86M","-1,21%"
"24.12.2018","414,00","414,90","419,20","412,45","1,49M","-0,24%"
"21.12.2018","415,00","412,90","416,30","405,05","3,70M","-0,14%"
"20.12.2018","415,60","414,00","416,80","410,10","3,35M","-0,62%"
"19.12.2018","418,20","407,00","418,20","406,50","3,99M","1,47%"
"18.12.2018","412,15","413,00","414,85","407,15","5,46M","-0,93%"
"17.12.2018","416,00","417,90","421,50","414,00","2,52M","-0,48%"
"14.12.2018","418,00","415,10","422,30","414,35","3,24M","0,54%"
"13.12.2018","415,75","423,00","423,00","414,00","4,86M","-1,48%"
"12.12.2018","422,00","426,05","428,05","419,15","4,55M","-0,83%"
"11.12.2018","425,55","428,50","429,50","421,50","3,68M","-0,69%"
"10.12.2018","428,50","437,00","441,00","424,30","4,02M","-2,39%"
"07.12.2018","439,00","429,40","442,05","429,15","5,14M","2,09%"
"06.12.2018","430,00","436,00","438,40","422,55","4,35M","-2,05%"
"05.12.2018","439,00","434,95","439,00","430,00","2,53M","0,00%"
"04.12.2018","439,00","434,00","440,55","433,25","3,08M","1,15%"
"03.12.2018","434,00","436,20","439,90","429,25","6,69M","2,58%"